id,biomass,biomass_log,leaf_mass,leaf_mass_log,seed_mass,seed_mass_log,stem_mass,stem_mass_log,ht_flag,ht_flower,AmountC,AmountN,d13C,d15N,CN
1,0.31,-1.17118298150295,0.06,-2.81341071676004,0.1,-2.30258509299405,0.14,-1.96611285637283,13,20.85,1536.12190354679,79.0895947289785,-33.5496081121557,-1.51478733826493,19.4225537355543
2,0.06,-2.81341071676004,0.01,-4.60517018598809,0.04,-3.2188758248682,0.01,-4.60517018598809,6.17,13.23,1570.18239626137,57.8849390587716,-32.4709705539045,-1.05017549321871,27.1259229394219
3,0.12,-2.12026353620009,0.02,-3.91202300542815,0.07,-2.65926003693278,0.03,-3.50655789731998,8.7,17.57,1586.17481547062,89.5564067966606,-33.1570547938029,-2.33944285417981,17.7114611026329
4,0.04,-3.2188758248682,0,NA,0.03,-3.50655789731998,0.01,-4.60517018598809,6.65,11.1,NA,NA,NA,NA,NA
5,0.19,-1.66073120682165,0.02,-3.91202300542815,0.11,-2.20727491318972,0.06,-2.81341071676004,11.85,20.8,1399.31054152666,82.6929229729453,-33.5153968709848,-2.8632271409004,16.9217690126212
6,0.24,-1.42711635564015,0.05,-2.99573227355399,0.09,-2.40794560865187,0.09,-2.40794560865187,13.3,22.1,1597.99208611665,115.381097319257,-32.9541845674012,-2.46241397353957,13.8496870219135
7,0.06,-2.81341071676004,0,NA,0.04,-3.2188758248682,0.02,-3.91202300542815,7.23,12.83,1614.41037326744,51.4375436146701,-32.5662397357334,-0.93079348866605,NA
8,0.15,-1.89711998488588,0.02,-3.91202300542815,0.08,-2.52572864430826,0.05,-2.99573227355399,12.25,20.7,1374.45548925497,82.9546517963594,-33.420131007266,-3.12011448251763,16.5687572606422
9,0.2,-1.6094379124341,0.02,-3.91202300542815,0.12,-2.12026353620009,0.06,-2.81341071676004,9.8,17.3,1560.36610224921,87.6794864988685,-33.8754255400819,-2.08040551134664,17.7962504635488
10,0.08,-2.52572864430826,0.01,-4.60517018598809,0.05,-2.99573227355399,0.02,-3.91202300542815,7.13,13.73,1423.9628958061,72.5683058713643,-32.5022222207665,-1.00531308226536,19.6223803037409
11,NA,-0.371063681390832,NA,-2.20727491318972,NA,-1.17118298150295,NA,-1.30933331998376,13.5,23.8,1331.23499081185,88.9847850338985,-33.6762275858597,-1.39813978331278,14.9602540513496
12,0.05,-2.99573227355399,0,NA,0.04,-3.2188758248682,0.01,-4.60517018598809,6,10.97,1621.76179750659,51.2925754532122,-32.9510800658629,-1.62783241610785,NA
13,0.08,-2.52572864430826,0.01,-4.60517018598809,0.06,-2.81341071676004,0.02,-3.91202300542815,6.73,13.33,1558.18411288554,66.6059584420446,-32.8431986600096,-1.08192871210117,23.3940648754623
14,0.3,-1.20397280432594,0.04,-3.2188758248682,0.16,-1.83258146374831,0.1,-2.30258509299405,11.7,20.63,1662.89718673809,107.888604861547,-33.1566275943121,-2.1542325527951,15.4130938005184
15,0.3,-1.20397280432594,NA,-2.40794560865187,0.09,-2.40794560865187,0.12,-2.12026353620009,12.17,19.57,1650.47892361348,116.897132886165,-33.5769590219863,-1.44478196822196,14.1190710401831
16,0.09,-2.40794560865187,0.01,-4.60517018598809,0.06,-2.81341071676004,0.03,-3.50655789731998,7.07,22.07,1536.13633099495,59.4607101198822,-32.6226273344683,-0.842184350062192,25.8344767140833
17,0.15,-1.89711998488588,0.01,-4.60517018598809,0.09,-2.40794560865187,0.05,-2.99573227355399,9.2,19.57,1434.53342826363,109.365350191953,-32.7966930803668,-3.04699772435874,13.1168914628427
18,0.23,-1.46967597005894,0.03,-3.50655789731998,0.12,-2.12026353620009,0.08,-2.52572864430826,11.05,20.05,1377.26379548127,74.5998055537018,-33.9054275333763,-1.55594054597921,18.4620292942966
19,0.34,-1.07880966137193,0.04,-3.2188758248682,0.2,-1.6094379124341,0.1,-2.30258509299405,9.53,18.63,1360.39930193285,93.9186956002804,-33.8395012924346,0.00816599048628833,14.484861541548
20,0.22,-1.51412773262978,0.03,-3.50655789731998,0.11,-2.20727491318972,0.08,-2.52572864430826,11.93,19.5,1505.10499901387,82.5179515296088,-33.4092907095005,-2.32940384011525,18.2397280969077
21,0.05,-2.99573227355399,0,NA,0.03,-3.50655789731998,0.02,-3.91202300542815,6.3,13.83,1736.50395709448,66.5013332698128,-32.7296537331168,-0.114050996374433,26.112317929763
22,0.15,-1.89711998488588,0.01,-4.60517018598809,0.1,-2.30258509299405,0.04,-3.2188758248682,8.4,16,NA,NA,NA,NA,NA
23,NA,NA,NA,NA,NA,NA,NA,NA,NA,NA,NA,NA,NA,NA,NA
24,0.07,-2.65926003693278,0,NA,0.05,-2.99573227355399,0.02,-3.91202300542815,8.97,15.33,1382.15645382625,64.4062490394745,NA,NA,21.4599743726595
25,0.32,-1.13943428318836,0.05,-2.99573227355399,0.16,-1.83258146374831,0.11,-2.20727491318972,13.27,23.9,1643.40995633705,118.662811989626,-33.6652280461908,-1.60465907832191,13.8494101798356
26,0.14,-1.96611285637283,0.02,-3.91202300542815,0.08,-2.52572864430826,0.04,-3.2188758248682,8.8,16.43,1557.25852342357,87.3893730504238,-33.3903406282716,-2.81081208806339,17.8197699453117
27,NA,-0.446287102628419,NA,-1.56064774826467,0.17,-1.77195684193188,NA,-1.34707364796661,17.3,21.77,1506.55179424132,112.204344258247,-33.6473318713545,-1.47395718156482,13.4268579723961
28,0.4,-0.916290731874155,0.07,-2.65926003693278,0.2,-1.6094379124341,0.12,-2.12026353620009,11.1,18.45,1350.19095267609,82.91411998021,-34.0485546822967,-2.03447399228304,16.2842101321024
29,NA,NA,NA,NA,NA,NA,NA,NA,NA,NA,NA,NA,NA,NA,NA
30,0.11,-2.20727491318972,0.01,-4.60517018598809,0.07,-2.65926003693278,0.03,-3.50655789731998,8.1,15.5,1298.72860913298,64.6070544580687,-33.1046275172866,-0.635786492500038,20.1019628588065
31,0.07,-2.65926003693278,0,NA,0.05,-2.99573227355399,0.02,-3.91202300542815,8.37,14.1,1346.0438181024,54.4366929649591,-32.4253791392273,NA,24.7267742544325
32,0.06,-2.81341071676004,0,NA,0.04,-3.2188758248682,0.02,-3.91202300542815,6,12.47,1366.96236732504,59.6688159349716,-33.4175931990558,-0.67062023175034,22.9091585932388
33,0.15,-1.89711998488588,0.01,-4.60517018598809,0.09,-2.40794560865187,0.04,-3.2188758248682,10.8,17.83,1570.8931953849,91.8296054357201,-33.7727443000432,-3.51092449643664,17.1066094418157
34,0.15,-1.89711998488588,0.02,-3.91202300542815,0.08,-2.52572864430826,0.05,-2.99573227355399,8,17.3,1554.37720646291,99.7511334182857,-33.5311320482155,-1.98957105538395,15.582551828709
35,NA,-0.63487827243597,NA,-1.71479842809193,0.13,-2.04022082852655,NA,-1.51412773262978,NA,NA,1483.90990911613,107.535118178689,-34.1200243776503,-1.28861840621002,13.7993051409526
36,0.39,-0.941608539858445,NA,-2.40794560865187,0.15,-1.89711998488588,0.15,-1.89711998488588,14.73,24.53,1476.33509816894,104.463079467415,-34.036273997654,-0.795339942345299,14.1326017354241
37,0.25,-1.38629436111989,0.03,-3.50655789731998,0.14,-1.96611285637283,0.08,-2.52572864430826,12.2,19.8,1567.55860072447,93.4827081594846,-33.7765202083015,-1.3765962814278,16.7684337733366
38,NA,NA,NA,NA,NA,NA,NA,NA,NA,NA,NA,NA,NA,NA,NA
39,0.1,-2.30258509299405,0.01,-4.60517018598809,0.06,-2.81341071676004,0.03,-3.50655789731998,8.93,18.03,1651.36805652354,72.2355576745642,-32.8645271825177,-0.841271733016976,22.8608750272723
40,0.3,-1.20397280432594,NA,-2.20727491318972,0.07,-2.65926003693278,0.13,-2.04022082852655,13.63,20.3,1272.91049498674,87.8661306491662,-33.3527639401912,-1.9631113972238,14.4869301240685
41,0.21,-1.56064774826467,0.03,-3.50655789731998,0.11,-2.20727491318972,0.08,-2.52572864430826,11.7,22.73,1522.04118940656,90.9838871863009,-33.5966308078375,-2.2687478038579,16.7286894028828
42,NA,NA,NA,NA,NA,NA,NA,NA,NA,NA,NA,NA,NA,NA,NA
43,0.11,-2.20727491318972,0.02,-3.91202300542815,0.06,-2.81341071676004,0.04,-3.2188758248682,10.4,19.4,1623.1198610508,89.2479628022692,-33.9759042294404,-2.22354387025286,18.1866320539647
44,0.24,-1.42711635564015,0.03,-3.50655789731998,0.14,-1.96611285637283,0.08,-2.52572864430826,10.4,19.93,1637.35800017473,103.152968636368,-33.6011982485235,-2.18994997730498,15.8731059495408
45,0.16,-1.83258146374831,0.04,-3.2188758248682,0.06,-2.81341071676004,0.06,-2.81341071676004,12.33,19.67,1597.11148090207,107.492465670937,-33.7050257859316,-2.26410772710317,14.8578923269957
46,0.12,-2.12026353620009,0.01,-4.60517018598809,0.08,-2.52572864430826,0.03,-3.50655789731998,8.23,16.03,1536.97151624729,93.318750185328,-33.9891536089955,-2.11686475651669,16.4701253841796
47,0.08,-2.52572864430826,0.01,-4.60517018598809,0.05,-2.99573227355399,0.02,-3.91202300542815,6.67,12.93,1694.56943049183,69.2262554989198,-32.5669069058914,-0.892944265694233,24.478709967467
48,NA,NA,NA,NA,NA,NA,NA,NA,NA,NA,NA,NA,NA,NA,NA
49,0.07,-2.65926003693278,0,NA,0.04,-3.2188758248682,0.02,-3.91202300542815,9.03,12.57,1482.62752698665,56.6536735178877,-32.6534059093578,-0.577570523516453,26.1700157275509
50,0.36,-1.02165124753198,NA,-1.89711998488588,0.09,-2.40794560865187,0.12,-2.12026353620009,14.33,24.6,1522.90741967714,NA,-34.3029264000331,-0.869785488246108,11.1245852354798
51,0.13,-2.04022082852655,0.01,-4.60517018598809,0.08,-2.52572864430826,0.04,-3.2188758248682,10,16.77,NA,NA,NA,NA,NA
52,0.33,-1.10866262452161,0.05,-2.99573227355399,0.17,-1.77195684193188,0.12,-2.12026353620009,12.37,24.6,1402.93044276402,85.5080432163495,-33.9465054639514,-2.72240675429513,16.4069997393622
53,0.24,-1.42711635564015,0.04,-3.2188758248682,0.11,-2.20727491318972,0.09,-2.40794560865187,12.37,19.5,1559.12632274059,104.327488585899,-33.8882853422176,0.183719467021296,14.9445399661555
54,0.12,-2.12026353620009,0.01,-4.60517018598809,0.07,-2.65926003693278,0.03,-3.50655789731998,8.13,16.07,1729.59062608534,85.0466188906398,-33.2622421153523,0.108041480158084,20.336971047719
55,0.23,-1.46967597005894,0.03,-3.50655789731998,0.11,-2.20727491318972,0.08,-2.52572864430826,11.27,22.87,1351.17837893545,75.4623924147609,-33.8124877575261,-2.85647286464287,17.9053212560373
56,0.06,-2.81341071676004,0.01,-4.60517018598809,0.04,-3.2188758248682,0.01,-4.60517018598809,8.6,14,NA,NA,NA,NA,NA
57,0.19,-1.66073120682165,0.02,-3.91202300542815,0.1,-2.30258509299405,0.07,-2.65926003693278,11.2,21.17,1360.81649755264,77.3824649314855,-33.7654848231537,-0.479110139533929,17.5855925338836
58,0.19,-1.66073120682165,0.02,-3.91202300542815,0.11,-2.20727491318972,0.06,-2.81341071676004,10.63,20.23,1446.20253224439,80.0131362816157,-33.358553053176,-2.95141718039846,18.0745637460617
59,NA,-0.415515443961666,NA,-1.6094379124341,NA,-1.51412773262978,NA,-1.30933331998376,16.8,26.4,1478.70888960167,115.873741444779,-33.722048452735,-2.17663917959615,12.7613803711203
60,0.15,-1.89711998488588,0.01,-4.60517018598809,0.09,-2.40794560865187,0.05,-2.99573227355399,10.4,18,1759.23688853649,83.7917236174362,-32.9584422680916,-3.56236287134071,20.9953538677466
61,0.07,-2.65926003693278,0,NA,0.05,-2.99573227355399,0.02,-3.91202300542815,5.83,13.2,1398.80376810319,64.2277750725163,-32.9036483681467,-1.57479386933569,21.7787984485509
62,0.06,-2.81341071676004,0.01,-4.60517018598809,0.04,-3.2188758248682,0.02,-3.91202300542815,6.5,13.5,NA,68.2712626882587,-32.956505584901,-0.937965636347797,NA
63,0.42,-0.867500567704723,0.07,-2.65926003693278,0.18,-1.71479842809193,0.17,-1.77195684193188,12.23,24.6,1355.1147347547,94.5542852181417,-33.8852262750019,-2.47089819929889,14.3316057186449
64,0.36,-1.02165124753198,NA,-2.04022082852655,0.08,-2.52572864430826,0.15,-1.89711998488588,16.5,22.55,1690.16651641707,109.196445968539,NA,-0.97805279325579,15.4782191070947
65,0.31,-1.17118298150295,0.04,-3.2188758248682,0.16,-1.83258146374831,0.11,-2.20727491318972,12.27,23.37,1545.48976754008,107.48114656333,-33.7958807036241,-1.81113667189223,14.3791708309461
66,0.04,-3.2188758248682,0,NA,0.03,-3.50655789731998,0.01,-4.60517018598809,6.33,12,NA,NA,-32.8165241351457,-0.617672700814167,NA
67,0.13,-2.04022082852655,0.01,-4.60517018598809,0.08,-2.52572864430826,0.04,-3.2188758248682,8.03,14.7,1320.41072452284,74.153731667877,-33.2307789366644,-1.86313224395301,17.8063961829561
68,0.33,-1.10866262452161,0.06,-2.81341071676004,0.16,-1.83258146374831,0.12,-2.12026353620009,13.27,22.57,1376.07866007752,95.1409238941907,-34.0421258322867,-2.49564583687832,14.4635831118047
69,NA,NA,NA,NA,NA,NA,NA,NA,NA,NA,NA,NA,NA,NA,NA
70,0.12,-2.12026353620009,0.01,-4.60517018598809,0.07,-2.65926003693278,0.03,-3.50655789731998,7.5,15.1,1786.71310793371,71.8698226345419,-33.0712103873321,-1.8166185880096,24.8604079214046
71,0.14,-1.96611285637283,0.02,-3.91202300542815,0.06,-2.81341071676004,0.06,-2.81341071676004,11.5,19.03,1548.07328745087,66.7546385456782,-33.5334834222296,-3.71738633486774,23.190497636978
72,0.15,-1.89711998488588,0.02,-3.91202300542815,0.09,-2.40794560865187,0.05,-2.99573227355399,10.37,18.3,1579.09700881466,82.1766716977046,-33.3608420167297,-0.706905856030196,19.2158793510587
73,0.08,-2.52572864430826,0.01,-4.60517018598809,0.05,-2.99573227355399,0.02,-3.91202300542815,7.17,13.87,1601.07368196753,61.349289400454,-33.1161126269837,-0.587417014148516,26.0976728111163
74,0.09,-2.40794560865187,0.01,-4.60517018598809,0.07,-2.65926003693278,0.02,-3.91202300542815,5.67,11.17,1367.20187742314,55.0548405677083,-32.8269695996273,-0.888471041912945,24.8334544851095
75,0.43,-0.843970070294529,NA,-2.12026353620009,0.13,-2.04022082852655,0.18,-1.71479842809193,12.9,20.93,1419.79140921265,88.783834086886,-34.4995085806232,-2.52862912489466,15.9915532350541
76,0.05,-2.99573227355399,0,NA,0.03,-3.50655789731998,0.01,-4.60517018598809,8,11.35,NA,NA,NA,NA,NA
77,0.16,-1.83258146374831,0.02,-3.91202300542815,0.09,-2.40794560865187,0.05,-2.99573227355399,8.63,16.4,1535.05349513615,76.1760613895576,-33.3682503719062,-1.99047594550874,20.1513896509563
78,0.16,-1.83258146374831,0.01,-4.60517018598809,0.09,-2.40794560865187,0.05,-2.99573227355399,10.03,17.83,1261.88632527127,71.7193128733962,-33.5708132948058,-0.754015867980821,17.5947910641424
79,NA,NA,NA,NA,NA,NA,NA,NA,NA,NA,NA,NA,NA,NA,NA
80,0.08,-2.52572864430826,0.01,-4.60517018598809,0.05,-2.99573227355399,0.02,-3.91202300542815,9.07,15.37,NA,NA,NA,NA,NA
81,NA,NA,NA,NA,NA,NA,NA,NA,NA,NA,NA,NA,NA,NA,NA
82,0.08,-2.52572864430826,0.01,-4.60517018598809,0.06,-2.81341071676004,0.02,-3.91202300542815,7,13.73,1649.40250268237,80.5450900620792,-33.3821766479525,-1.912947597336,20.4780018423359
83,0.1,-2.30258509299405,0.01,-4.60517018598809,0.05,-2.99573227355399,0.04,-3.2188758248682,14.3,21,1673.32832677645,85.0381600596936,NA,-0.499224102138297,19.6773816084666
84,0.27,-1.30933331998376,0.04,-3.2188758248682,0.14,-1.96611285637283,0.09,-2.40794560865187,10.53,19.4,1369.86689238362,95.3928554781578,-33.9189823591299,-2.57314502522318,14.3602671868574
85,0.18,-1.71479842809193,0.02,-3.91202300542815,0.1,-2.30258509299405,0.06,-2.81341071676004,11.27,17.97,1604.06760634261,85.9594417937664,-33.26286593577,-4.09640733654017,18.660749451946
86,0.23,-1.46967597005894,0.02,-3.91202300542815,0.13,-2.04022082852655,0.08,-2.52572864430826,9.47,17,1691.11552569568,102.906047056175,-33.0196884244282,-2.44849451037923,16.4335874720027
87,0.11,-2.20727491318972,0.01,-4.60517018598809,0.07,-2.65926003693278,0.03,-3.50655789731998,9.57,17.17,1520.57384449487,72.2985343940538,-33.2086186015378,-0.321658230472541,21.0318764721727
88,0.2,-1.6094379124341,0.03,-3.50655789731998,0.11,-2.20727491318972,0.06,-2.81341071676004,11.3,20.6,1339.32139854742,79.3199348042472,-33.3655773976228,-2.18933284449334,16.8850542029909
89,0.24,-1.42711635564015,0.05,-2.99573227355399,0.09,-2.40794560865187,0.1,-2.30258509299405,13.33,24.9,1407.78076976138,96.7127148456674,-34.1687078068318,-1.68686792822155,14.5563152891312
90,0.14,-1.96611285637283,0.02,-3.91202300542815,0.07,-2.65926003693278,0.05,-2.99573227355399,9.65,18.4,1670.660431727,107.98078350592,-33.7958219436075,-2.02242696591447,15.4718309821803
91,0.18,-1.71479842809193,0.02,-3.91202300542815,0.11,-2.20727491318972,0.06,-2.81341071676004,8.43,16.87,1357.80956603409,81.8230926058913,-34.1236726593983,-2.2972797863332,16.5944542401264
92,0.13,-2.04022082852655,0.01,-4.60517018598809,0.08,-2.52572864430826,0.04,-3.2188758248682,8.93,17.67,1337.21010227804,76.4705714347037,-33.1757116138629,-2.68877897611161,17.4865974869803
93,0.18,-1.71479842809193,0.02,-3.91202300542815,0.1,-2.30258509299405,0.06,-2.81341071676004,7.13,17.37,1572.07289777617,108.486156304962,-33.9556198287489,-1.76545987451525,14.491000062321
94,0.13,-2.04022082852655,0.01,-4.60517018598809,0.08,-2.52572864430826,0.04,-3.2188758248682,10.15,18.7,1641.32581565662,91.3016308929507,-33.5285069453367,-1.7595358730106,17.9769605384272
95,0.31,-1.17118298150295,0.04,-3.2188758248682,0.17,-1.77195684193188,0.1,-2.30258509299405,12.27,23.1,1538.3384441628,97.9968624461363,-33.8752035041894,-2.78362202840685,15.6978336424632
96,0.21,-1.56064774826467,0.03,-3.50655789731998,0.12,-2.12026353620009,0.06,-2.81341071676004,9.87,17.77,1683.34570278537,104.127189635907,-34.108974408337,-1.53982035219227,16.1662454222705
97,0.14,-1.96611285637283,0.01,-4.60517018598809,0.09,-2.40794560865187,0.04,-3.2188758248682,8.87,15.97,1321.88904426909,70.9187754764791,-33.5906530394753,-0.811379973434112,18.6394792547921
98,0.18,-1.71479842809193,0.02,-3.91202300542815,0.09,-2.40794560865187,0.06,-2.81341071676004,10.97,19.77,1601.00210583445,91.8274961687547,-33.7299540578209,-2.4098074918728,17.4348879435004
99,NA,-0.510825623765991,NA,-1.6094379124341,0.11,-2.20727491318972,NA,-1.23787435600162,17,26.25,1596.11259975497,117.904679230137,-33.6680657352665,-1.11673472372363,13.5373134482604
100,0.19,-1.66073120682165,0.03,-3.50655789731998,0.09,-2.40794560865187,0.07,-2.65926003693278,12.53,17.97,1402.52717074826,73.9348186169953,-33.77133760428,-0.662460595379498,18.9697790159434
101,0.09,-2.40794560865187,0.01,-4.60517018598809,0.06,-2.81341071676004,0.02,-3.91202300542815,7.3,15.83,1611.30499423952,78.4811773286046,-32.8670584013601,-1.53352896365136,20.5311012026859
102,0.07,-2.65926003693278,0.01,-4.60517018598809,0.05,-2.99573227355399,0.01,-4.60517018598809,6.23,11.37,1406.18510242026,43.5751858872876,-33.500835812895,NA,NA
103,0.11,-2.20727491318972,0.01,-4.60517018598809,0.07,-2.65926003693278,0.03,-3.50655789731998,8.63,15.47,1603.56457540401,96.6069879302957,-33.3157498484342,-2.57413269887043,16.5988466234039
104,0.19,-1.66073120682165,0.03,-3.50655789731998,0.11,-2.20727491318972,0.06,-2.81341071676004,11.5,18.35,1310.04491485992,80.1213960926058,-33.143628940604,-1.63072576260177,16.3507499712779
105,0.18,-1.71479842809193,0.01,-4.60517018598809,0.11,-2.20727491318972,0.05,-2.99573227355399,11.3,20.03,1551.64279975839,86.5354058652965,-33.3677061498964,-2.15351042671798,17.9307277089995
106,0.07,-2.65926003693278,0.01,-4.60517018598809,0.05,-2.99573227355399,0.02,-3.91202300542815,5.3,11.17,1454.56360777535,83.1919824641697,-32.8164807268037,-1.7462513622648,17.4844205498026
107,0.13,-2.04022082852655,0.01,-4.60517018598809,0.09,-2.40794560865187,0.04,-3.2188758248682,9.83,17.77,1373.02131171868,87.2639092056578,-32.8873970675874,-2.06826406579923,15.7341256450342
108,0.11,-2.20727491318972,0.01,-4.60517018598809,0.08,-2.52572864430826,0.02,-3.91202300542815,5.3,12.17,NA,84.3747385461534,-33.1757095956908,-1.07835006355706,23.3161610251172
109,0.16,-1.83258146374831,0.01,-4.60517018598809,0.09,-2.40794560865187,0.05,-2.99573227355399,9.6,19.45,1777.27093914032,97.0889737968116,-33.1223486950791,-1.0654886529167,18.3055899103415
110,0.24,-1.42711635564015,0.04,-3.2188758248682,0.12,-2.12026353620009,0.08,-2.52572864430826,11.13,20.9,1466.45535726182,89.4356294726255,-33.4278984800388,-2.22187593608162,16.3967690048033
111,NA,NA,NA,NA,NA,NA,NA,NA,NA,NA,NA,NA,NA,NA,NA
112,0.22,-1.51412773262978,NA,-2.30258509299405,0.12,-2.12026353620009,0.11,-2.20727491318972,12.03,21.35,1462.06633039473,119.348447931736,-33.6728373330055,-1.94798570599492,12.2504008701562
113,0.16,-1.83258146374831,0.02,-3.91202300542815,0.08,-2.52572864430826,0.06,-2.81341071676004,12.3,23.33,NA,NA,NA,NA,NA
114,0.16,-1.83258146374831,0.02,-3.91202300542815,0.09,-2.40794560865187,0.05,-2.99573227355399,9.93,17.77,1631.62104233045,87.1420304363357,-33.3441441457429,-1.82498338114797,18.7236977857945
115,0.24,-1.42711635564015,NA,-2.20727491318972,0.06,-2.81341071676004,0.13,-2.04022082852655,17.43,25.5,1538.06166044283,101.792251211994,-33.7116562372464,-2.0601040493004,15.1098108365797
116,0.24,-1.42711635564015,0.03,-3.50655789731998,0.12,-2.12026353620009,0.09,-2.40794560865187,14.03,22.6,1557.59487718478,94.7705429717799,-33.6704471238866,-1.90809219727575,16.4354326602158
117,0.44,-0.82098055206983,0.08,-2.52572864430826,0.2,-1.6094379124341,0.16,-1.83258146374831,12.03,21.77,1422.77248944873,101.510190300233,-34.2330913760216,-1.591128408766,14.016055779628
118,0.09,-2.40794560865187,0.01,-4.60517018598809,0.06,-2.81341071676004,0.02,-3.91202300542815,8.27,15.67,1692.00361926754,81.4888360088803,-32.6486610028105,-1.56072008244848,20.7636248366973
119,0.21,-1.56064774826467,0.03,-3.50655789731998,0.11,-2.20727491318972,0.07,-2.65926003693278,10,20.7,1334.9943178639,72.9660686215145,-33.2225778972938,-1.41437137863184,18.2960976668307
120,0.19,-1.66073120682165,0.02,-3.91202300542815,0.1,-2.30258509299405,0.07,-2.65926003693278,10.38,18.23,1658.97729715159,114.331452109182,-33.455708018087,0.0152052236451205,14.5102442639085
121,0.35,-1.04982212449868,0.07,-2.65926003693278,0.15,-1.89711998488588,0.13,-2.04022082852655,12.27,22.07,1561.80694345085,126.835382100818,-33.6551210932836,-1.5529619493742,12.3136534741498
122,0.13,-2.04022082852655,0.01,-4.60517018598809,0.08,-2.52572864430826,0.04,-3.2188758248682,10.57,17.83,1617.84559235044,91.0328467827245,-32.9618050340308,-0.601440201526081,17.7721080854681
123,0.33,-1.10866262452161,0.05,-2.99573227355399,0.14,-1.96611285637283,0.14,-1.96611285637283,14.57,25.43,1378.32942521291,92.0733621812414,-33.8788594508851,-1.51492802941649,14.9699043519204
124,NA,NA,NA,NA,NA,NA,NA,NA,NA,NA,NA,NA,NA,NA,NA
125,0.15,-1.89711998488588,0.02,-3.91202300542815,0.08,-2.52572864430826,0.05,-2.99573227355399,9.77,18.13,1596.0077860781,98.3234912710703,-32.9280273294793,-1.62169701278069,16.2322123171768
126,0.12,-2.12026353620009,0.01,-4.60517018598809,0.08,-2.52572864430826,0.03,-3.50655789731998,8.5,16.8,1570.67637984101,82.8968848550254,-33.0913242981593,-1.26471615878126,18.9473510685944
127,0.16,-1.83258146374831,0.01,-4.60517018598809,0.1,-2.30258509299405,0.05,-2.99573227355399,9.27,17.47,1744.77393112621,94.6664073152427,-33.0727197954506,-2.15437167938335,18.4307610334894
128,0.13,-2.04022082852655,0.02,-3.91202300542815,0.07,-2.65926003693278,0.04,-3.2188758248682,12.83,17.3,1530.59614684152,96.054772899009,-33.3815848137122,-1.86896653792343,15.9346183499989
129,0.06,-2.81341071676004,0.01,-4.60517018598809,0.04,-3.2188758248682,0.02,-3.91202300542815,6.9,13.6,1769.60023014873,71.3169988226342,-32.9446816670232,-1.51401610717447,24.8131617897962
130,NA,NA,NA,NA,NA,NA,NA,NA,NA,NA,NA,NA,NA,NA,NA
131,0.24,-1.42711635564015,0.03,-3.50655789731998,0.14,-1.96611285637283,0.08,-2.52572864430826,10.53,20.43,1466.21239135588,97.5401740714869,-33.9682758197615,-2.76463845639155,15.0318820456615
132,0.35,-1.04982212449868,NA,-2.40794560865187,0.12,-2.12026353620009,0.14,-1.96611285637283,13.2,21.3,1499.6234911456,122.9666088752,-33.9821048421046,-1.78306325600767,12.1953716123666
133,NA,-0.579818495252942,NA,-2.40794560865187,NA,-1.30933331998376,0.2,-1.6094379124341,13.2,24.43,1554.51053285992,119.223714175943,-33.9869518018392,-1.93247836488223,13.0386017882807
134,0.08,-2.52572864430826,0.01,-4.60517018598809,0.05,-2.99573227355399,0.02,-3.91202300542815,8.33,14.6,1896.62905190359,72.1067495577499,-33.0891975778399,-1.78985784758888,26.3030723688993
135,0.32,-1.13943428318836,0.04,-3.2188758248682,0.18,-1.71479842809193,0.1,-2.30258509299405,10.3,20.5,1563.09421336866,89.9174622605294,-34.0896569928819,-2.82672065856012,17.3836557891248
136,0.36,-1.02165124753198,0.05,-2.99573227355399,0.19,-1.66073120682165,0.13,-2.04022082852655,15.57,NA,1579.96414894944,98.087663292451,-33.8624423463195,-2.26507313992268,16.1076744609435
137,0.28,-1.27296567581289,0.04,-3.2188758248682,0.14,-1.96611285637283,0.1,-2.30258509299405,11.55,22.95,1460.3348795177,86.9683846338702,-33.8494738347841,-1.42866338546237,16.791560354554
138,0.28,-1.27296567581289,0.04,-3.2188758248682,0.13,-2.04022082852655,0.11,-2.20727491318972,12.57,24.27,1355.77588979605,87.9345712657006,-33.5400594673617,-2.35944628949861,15.4180076195457
139,0.12,-2.12026353620009,0.01,-4.60517018598809,0.08,-2.52572864430826,0.03,-3.50655789731998,7.87,15.27,1473.30384356089,77.8635530192042,-33.3301437418729,-2.17696296489601,18.9216107720838
140,0.08,-2.52572864430826,0,NA,0.05,-2.99573227355399,0.03,-3.50655789731998,9.33,17.2,1361.61211193414,47.9106953356591,-32.9151691892344,0.264949239489024,NA
141,0.27,-1.30933331998376,0.04,-3.2188758248682,0.14,-1.96611285637283,0.1,-2.30258509299405,14.6,26,1498.18021605776,92.5305107329341,-33.8759018109981,-0.381070456987633,16.1912022768563
142,0.2,-1.6094379124341,0.03,-3.50655789731998,0.1,-2.30258509299405,0.07,-2.65926003693278,10.4,17.97,1598.02024468407,111.931873341242,-34.0414856119143,-0.784026539283946,14.2767220540681
143,0.1,-2.30258509299405,0.01,-4.60517018598809,0.06,-2.81341071676004,0.03,-3.50655789731998,9.67,16.8,1441.10883036213,80.3028656019418,-33.1106260848586,-1.37399594244111,17.9459203548931
144,0.28,-1.27296567581289,0.04,-3.2188758248682,0.13,-2.04022082852655,0.1,-2.30258509299405,16.13,25.67,1752.89203465769,109.049892181697,-34.1257319033903,-1.41448912131938,16.0742207038322
145,0.17,-1.77195684193188,0.02,-3.91202300542815,0.09,-2.40794560865187,0.06,-2.81341071676004,9.8,18,1793.86859532529,101.852424554324,-33.7091883117741,-2.53900894402496,17.6124289939559
146,NA,NA,NA,NA,NA,NA,NA,NA,NA,NA,NA,NA,NA,NA,NA
147,0.1,-2.30258509299405,0.01,-4.60517018598809,0.05,-2.99573227355399,0.03,-3.50655789731998,9.67,18.4,1654.282448064,89.4070060862615,-32.9799731433704,-2.61899446752309,18.5028279156101
148,NA,NA,NA,NA,NA,NA,NA,NA,NA,NA,NA,NA,NA,NA,NA
149,0.09,-2.40794560865187,0.01,-4.60517018598809,0.06,-2.81341071676004,0.03,-3.50655789731998,8.87,15.77,1436.68634673878,72.0716290589798,-32.8889422728015,-1.34437349304701,19.9341455923393
150,0.36,-1.02165124753198,0.07,-2.65926003693278,0.14,-1.96611285637283,0.15,-1.89711998488588,11.47,25.33,1612.01975752474,93.110055144904,-33.0493905621702,-2.70960255721988,17.3130577037679
151,0.19,-1.66073120682165,0.03,-3.50655789731998,0.1,-2.30258509299405,0.06,-2.81341071676004,9.65,18.75,1443.56804996957,98.2667701923858,-33.9198605178228,-2.47429890053262,14.6902971079986
152,0.09,-2.40794560865187,0.01,-4.60517018598809,0.06,-2.81341071676004,0.02,-3.91202300542815,8.73,15.23,1682.78054455574,78.5230871194697,-33.4156818299144,-0.356133965772562,21.4303920832284
153,0.25,-1.38629436111989,0.03,-3.50655789731998,0.12,-2.12026353620009,0.1,-2.30258509299405,12.3,20.93,1624.06007600799,114.106405972975,-33.4996926207396,-2.10353212940122,14.2328562727024
154,0.22,-1.51412773262978,0.02,-3.91202300542815,0.13,-2.04022082852655,0.07,-2.65926003693278,11.03,18.7,1397.80799351257,93.7477130512634,-33.6691323139949,-0.323115615210077,14.9103156548279
155,0.18,-1.71479842809193,0.02,-3.91202300542815,0.09,-2.40794560865187,0.06,-2.81341071676004,10.03,18.13,1390.64752633145,85.8176614608532,-33.8211116445906,-1.72414055235597,16.204677483152
156,0.33,-1.10866262452161,NA,-1.83258146374831,0.04,-3.2188758248682,0.12,-2.12026353620009,12.9,20.9,1309.43334620593,104.678514924756,-33.7589672686485,-0.918898777741816,12.5090936487508
157,0.1,-2.30258509299405,0.01,-4.60517018598809,0.07,-2.65926003693278,0.02,-3.91202300542815,8.27,14.53,1578.64093892566,75.8157916215926,-32.7138163519648,-1.76254753098218,20.8220596944352
158,0.07,-2.65926003693278,0.01,-4.60517018598809,0.04,-3.2188758248682,0.02,-3.91202300542815,7.23,16.67,1400.6183068856,85.3702545981002,-33.2228184023025,-1.56801201467471,16.4063972103553
159,0.2,-1.6094379124341,0.02,-3.91202300542815,0.11,-2.20727491318972,0.07,-2.65926003693278,9.73,17.23,1366.85474726052,115.342902935877,NA,NA,11.8503584743345
160,0.08,-2.52572864430826,0.01,-4.60517018598809,0.06,-2.81341071676004,0.02,-3.91202300542815,6.77,13.47,1597.17642012499,56.2458199222583,-33.1715837986969,NA,NA
161,NA,NA,NA,NA,NA,NA,NA,NA,NA,NA,NA,NA,NA,NA,NA
162,0.2,-1.6094379124341,0.02,-3.91202300542815,0.11,-2.20727491318972,0.07,-2.65926003693278,10.33,18.9,1519.55414686927,96.6767067219134,-33.8613209859003,-2.53073099499672,15.7178931553823
163,0.15,-1.89711998488588,0.02,-3.91202300542815,0.08,-2.52572864430826,0.05,-2.99573227355399,9.1,16.65,NA,NA,NA,NA,NA
164,0.3,-1.20397280432594,0.05,-2.99573227355399,0.13,-2.04022082852655,0.12,-2.12026353620009,13.1,23.7,1687.07668592644,113.799504829153,-34.1634330159023,-1.4856155000678,14.8249914484184
165,0.26,-1.34707364796661,0.01,-4.60517018598809,0.09,-2.40794560865187,0.15,-1.89711998488588,8.27,16.87,1359.01473261078,78.1616059849129,-33.3166818855977,-1.09837215264271,17.3872416704577
166,0.3,-1.20397280432594,0.04,-3.2188758248682,0.14,-1.96611285637283,0.12,-2.12026353620009,13.35,24.1,1422.0871502281,84.1967481910278,-32.9421996736332,-2.04196010780938,16.8900483781349
167,0.09,-2.40794560865187,0.01,-4.60517018598809,0.05,-2.99573227355399,0.03,-3.50655789731998,6.53,14.2,1668.06152187565,68.6704831829094,-33.103011709407,-2.37544352282553,24.2908079943552
168,0.32,-1.13943428318836,0.01,-4.60517018598809,0.19,-1.66073120682165,0.12,-2.12026353620009,10.87,23.5,1376.32752534381,85.9728935369235,-37.8355684058344,-0.288467815980728,16.008854287924
169,0.28,-1.27296567581289,0.01,-4.60517018598809,0.2,-1.6094379124341,0.07,-2.65926003693278,8.17,18.73,1751.85874343697,78.4800487070355,-36.676394986322,0.494887253555376,22.3223452622542
170,0.75,-0.287682072451781,0.06,-2.81341071676004,0.39,-0.941608539858445,0.3,-1.20397280432594,14.57,27.4,1593.58457594668,69.7230390071603,-37.9011060463597,-0.502919018938521,22.8559253675535
171,0.39,-0.941608539858445,0.02,-3.91202300542815,0.26,-1.34707364796661,0.11,-2.20727491318972,9.15,22.3,1436.0302467292,73.9902724661633,-37.2095660726285,NA,19.4083654359553
172,0.61,-0.49429632181478,0.16,-1.83258146374831,0.16,-1.83258146374831,0.29,-1.23787435600162,20,31.3,1477.63641254274,91.3891749381939,-37.7618285734713,1.00540484603994,16.1686153041873
173,0.51,-0.673344553263766,0.4,-0.916290731874155,0.06,NA,0.27,-1.30933331998376,17.05,32.5,1542.77469755369,89.2062622518135,-38.1567085829426,-0.218594585055944,17.2944663144692
174,0.22,-1.51412773262978,0.01,-4.60517018598809,0.15,-1.89711998488588,0.06,-2.81341071676004,18.5,26.53,1371.83721721307,76.0262819023784,-36.6774435082839,-2.04358960481673,18.0442497368814
175,0.36,-1.02165124753198,0.01,-4.60517018598809,0.24,-1.42711635564015,0.1,-2.30258509299405,11.23,21.53,1618.89421908842,74.6373555361025,-37.5509887368481,1.27069677952509,21.6901336798482
176,1.47,0.385262400790645,0.32,-1.13943428318836,0.47,-0.755022584278033,0.68,-0.385662480811985,24.03,36.33,1557.52891812822,79.9125076957713,-38.6735143321449,-1.2533827702323,19.4904272564912
177,0.39,-0.941608539858445,0.03,-3.50655789731998,0.23,-1.46967597005894,0.13,-2.04022082852655,10.2,21.87,1625.8932720193,98.7109234618359,-37.6302834443478,0.295285639512255,16.4712598666743
178,0.72,-0.328504066972036,0.1,-2.30258509299405,0.29,-1.23787435600162,0.32,-1.13943428318836,15.25,29,1548.62523311724,87.5471893807158,-37.7544518826276,NA,17.6890342690814
179,0.16,-1.83258146374831,0.01,-4.60517018598809,0.11,-2.20727491318972,0.04,NA,6.07,14.3,NA,NA,NA,-0.0119167521906732,24.5124132079108
180,0.45,-0.798507696217772,0.02,-3.91202300542815,0.28,-1.27296567581289,0.16,-1.83258146374831,11.03,21.93,1419.75576322848,79.3639162472199,-37.7929018051324,-1.19280946337796,17.8891847877808
181,0.56,-0.579818495252942,0.25,-1.38629436111989,0.24,-1.42711635564015,0.23,-1.46967597005894,13.97,23.7,1357.26604889043,70.5944614368968,-37.2398223757283,-1.53054093203217,19.2262398673254
182,0.84,-0.174353387144778,0.33,-1.10866262452161,0.42,-0.867500567704723,0.43,-0.843970070294529,15,32.25,1429.35819168195,96.2873850337277,-38.8011249288951,-0.447702150227173,14.8447087973286
183,0.29,-1.23787435600162,0.01,-4.60517018598809,0.18,-1.71479842809193,0.1,-2.30258509299405,12.07,23.53,1651.86864740355,78.8766865591597,-37.4604206956718,-0.463522942237797,20.9424193568856
184,0.64,-0.446287102628419,0.04,-3.2188758248682,0.33,-1.10866262452161,0.27,-1.30933331998376,15.85,30.15,1345.4115441989,70.2045339417624,-38.1078279872643,0.127938278463175,19.1641688742636
185,0.74,-0.301105092783922,0.07,-2.65926003693278,0.38,-0.967584026261706,0.29,-1.23787435600162,13.4,25.1,1628.19501132509,84.2496376693334,-37.1805064456804,1.53646950130121,19.3258399248612
186,1.35,0.300104592450338,0.44,-0.82098055206983,0.34,-1.07880966137193,0.57,-0.562118918153541,22.87,35.9,1560.38607203611,91.0581944000195,-38.9144511045788,-0.142102188801685,17.1361411492668
187,0.27,-1.30933331998376,0.12,-2.12026353620009,0.12,-2.12026353620009,0.14,-1.96611285637283,9.05,16.7,1396.40695437649,74.6610895965927,NA,0.855855054593774,18.7032758552217
188,0.32,-1.13943428318836,0.01,-4.60517018598809,0.21,-1.56064774826467,0.09,-2.40794560865187,12.27,20.07,1695.60663522493,93.5931264147827,-37.5769389843388,0.612713074501487,18.1167859241115
189,0.66,-0.415515443961666,0.02,-3.91202300542815,0.44,-0.82098055206983,0.2,-1.6094379124341,9.5,21.5,1544.86602908101,101.231239993149,-37.8243172162799,-0.0688745624386287,15.2607636653029
190,NA,NA,NA,NA,NA,NA,NA,NA,NA,NA,NA,NA,NA,NA,NA
191,0.35,-1.04982212449868,0.01,-4.60517018598809,0.23,-1.46967597005894,0.11,-2.20727491318972,10.47,22.13,1560.20409151346,85.4711151351572,-37.5607403522294,-0.178237554706469,18.2541679612613
192,1.21,0.19062035960865,0.15,-1.89711998488588,0.51,-0.673344553263766,0.55,-0.59783700075562,19.5,37.4,1592.57562574421,69.9644464826169,-38.6394670271756,-0.0864995920875192,22.7626416817275
193,0.8,-0.22314355131421,0.06,-2.81341071676004,0.46,-0.776528789498996,0.28,-1.27296567581289,12.85,26.5,1403.89643879763,83.8906814128974,-37.8424292612588,0.367943233880918,16.7348317495224
194,NA,0.518793793415168,0.62,-0.478035800943,0.29,-1.23787435600162,0.77,-0.261364764134408,16.63,29,1667.37180156934,95.7839419837942,-38.2785832719162,-0.641366107634594,17.4076339628144
195,0.65,-0.430782916092454,0.07,-2.65926003693278,0.34,-1.07880966137193,0.24,-1.42711635564015,16.5,28.83,1560.7140701929,100.495983959307,-38.6712213944407,0.338682159663223,15.5301138284776
196,NA,NA,NA,NA,NA,NA,NA,NA,NA,NA,NA,NA,NA,NA,NA
197,0.5,-0.693147180559945,0.03,-3.50655789731998,0.28,-1.27296567581289,0.19,-1.66073120682165,17.25,31.3,1513.00093942627,59.6510850033096,-37.6722868454275,0.0809968151147824,25.3641813781313
198,0.3,-1.20397280432594,0.01,-4.60517018598809,0.18,-1.71479842809193,0.1,-2.30258509299405,9.5,20.05,1667.99599440284,108.587183650011,-37.1932526077832,-1.30677209110695,15.3608919426346
199,0.33,-1.10866262452161,0.01,-4.60517018598809,0.21,-1.56064774826467,0.1,-2.30258509299405,10.43,21.27,1467.17002235803,64.326847462353,-37.4092671904408,-0.119255911519162,22.8080510741131
200,0.86,-0.150822889734584,0.1,-2.30258509299405,0.41,-0.891598119283784,0.35,-1.04982212449868,14.9,29.07,1534.03044708319,74.8869641280288,-38.4119812449899,-0.853752928121027,20.4846125750346
201,0.14,NA,0.02,-3.91202300542815,0.08,-2.52572864430826,0.04,NA,11,18.4,1535.67772159603,56.2928303858242,NA,NA,27.2801653615688
202,NA,NA,0.2,-1.6094379124341,NA,NA,0.09,-2.40794560865187,7.4,NA,1300.04001500829,55.0606663058725,NA,0.355872125935617,23.6110476358263
203,0.57,-0.562118918153541,0.06,-2.81341071676004,0.3,-1.20397280432594,0.21,-1.56064774826467,15.47,29.7,1442.87877101687,80.2593075841373,-38.0058976882842,-0.827545368661646,17.9777126721941
204,1.1,0.0953101798043249,0.23,-1.46967597005894,0.36,-1.02165124753198,0.5,-0.693147180559945,13.23,25.23,1487.66585891701,70.7107487787188,-38.3082782660246,-1.27618896239978,21.0387513159066
205,NA,NA,NA,NA,NA,NA,NA,NA,NA,NA,NA,NA,NA,NA,NA
206,0.92,-0.083381608939051,0.35,-1.04982212449868,0.33,-1.10866262452161,0.44,-0.82098055206983,18,35.9,1378.65531404622,89.4479057561312,-38.2932635510701,-1.20496158183447,15.412941224191
207,0.46,-0.776528789498996,0.07,-2.65926003693278,0.19,-1.66073120682165,0.2,-1.6094379124341,14,24.7,1581.09178699984,78.6347392604219,-37.3502775508275,1.43254206489292,20.1067848875749
208,1.03,0.0295588022415444,0.22,-1.51412773262978,0.34,-1.07880966137193,0.47,-0.755022584278033,22.3,36.4,1477.77476581903,71.4398817935887,-38.0593289325082,0.0317571078814805,20.6855712624045
209,NA,NA,NA,NA,NA,NA,NA,NA,NA,NA,NA,NA,NA,NA,NA
210,0.55,-0.59783700075562,0.09,-2.40794560865187,0.25,-1.38629436111989,0.21,-1.56064774826467,10.57,29.33,1701.066378309,92.0133907100749,-37.4970825661894,-1.31790725871826,18.4871611097226
211,1.32,0.27763173659828,0.43,-0.843970070294529,0.35,-1.04982212449868,0.54,-0.616186139423817,16.5,32.47,1648.70447017023,66.8172703941635,NA,-0.375372958661617,24.6748252427001
212,1.3,0.262364264467491,0.25,-1.38629436111989,0.47,-0.755022584278033,0.57,-0.562118918153541,18.53,34.93,1634.38656430825,81.1463608790139,-38.2995820931127,0.379982058067923,20.1412182456963
213,0.69,-0.371063681390832,0.15,-1.89711998488588,0.28,-1.27296567581289,0.27,-1.30933331998376,15.63,25.63,1391.03381538345,86.120149025252,-38.619870445878,-0.0405326327999341,16.1522457999414
214,0.8,-0.22314355131421,0.05,-2.99573227355399,0.48,-0.7339691750802,0.28,-1.27296567581289,11.8,24.57,1547.25611098963,87.1250138189796,-38.1031626011162,-0.26337291493464,17.7590343251408
215,NA,NA,NA,NA,NA,NA,NA,NA,NA,NA,NA,NA,NA,NA,NA
216,0.68,-0.385662480811985,0.05,-2.99573227355399,0.37,-0.994252273343867,0.26,-1.34707364796661,13.63,27.2,1579.66913632373,87.0130938309566,-37.9061301033447,-1.1832775411713,18.1543842055842
217,1.04,0.0392207131532813,0.39,-0.941608539858445,0.02,NA,0.38,-0.967584026261706,13.97,27.1,1346.64512105653,83.9139391438224,NA,-2.29418954319641,16.0479311875525
218,0.87,-0.139262067333508,0.05,-2.99573227355399,0.49,-0.713349887877465,0.33,-1.10866262452161,13.27,26.03,1598.51559785199,72.6281427536567,-37.8330676735904,0.0930982087881099,22.0095893581349
219,0.96,-0.0408219945202552,0.43,-0.843970070294529,0.24,-1.42711635564015,0.42,-0.867500567704723,20.33,35.75,1346.97816372622,72.032864783449,-37.9308450436145,1.1240321386359,18.6994945678701
220,0.71,-0.342490308946776,0.15,-1.89711998488588,0.24,-1.42711635564015,0.32,-1.13943428318836,19.83,32.13,1444.4403701376,64.3438073099332,-38.1673082333332,0.497264474958164,22.4487861462716
221,0.48,-0.7339691750802,0.04,-3.2188758248682,0.29,-1.23787435600162,0.15,-1.89711998488588,10.83,22.6,1469.89428813104,82.8617361956967,-37.9512800901166,0.67849076572357,17.7391200766003
222,1.55,0.438254930931155,0.53,-0.63487827243597,0.27,-1.30933331998376,0.76,-0.27443684570176,NA,NA,1534.30435453684,62.6738685183757,-37.8704188288552,0.175265205059843,24.4807667183811
223,0.45,-0.798507696217772,0.03,-3.50655789731998,0.26,-1.34707364796661,0.16,-1.83258146374831,12.25,24.25,1638.40761498261,76.9504967691293,-37.4077648683537,1.3622803194874,21.2917093946547
224,0.94,-0.0618754037180875,0.4,-0.916290731874155,0.09,-2.40794560865187,0.45,-0.798507696217772,23.35,33.1,1365.32957695025,78.472128396894,-38.3497712362823,-0.845670218620607,17.3989109871561
225,0.88,-0.127833371509885,0.13,-2.04022082852655,0.37,-0.994252273343867,0.37,-0.994252273343867,17.33,31.13,1346.77609208204,66.7756269756177,-37.7805393006844,0.106993826181757,20.1686776010923
226,1.37,0.314810739840034,0.63,-0.462035459596559,0.1,-2.30258509299405,0.48,-0.7339691750802,16.83,31.8,1655.16568902453,100.136724140188,-39.0093530970323,0.342817550132798,16.5290576782536
227,0.4,-0.916290731874155,0.03,-3.50655789731998,0.24,-1.42711635564015,0.13,-2.04022082852655,9.17,19.97,1413.98023294315,77.1813618016393,-38.1619027468397,0.162442428675222,18.3202291322245
228,0.57,-0.562118918153541,0.03,-3.50655789731998,0.33,-1.10866262452161,0.21,-1.56064774826467,9.17,23.37,1586.34588482747,95.5649489633406,-37.9866959180096,0.252395354122871,16.5996623451974
229,0.55,-0.59783700075562,0.04,-3.2188758248682,0.29,-1.23787435600162,0.22,-1.51412773262978,12.7,30.65,1450.23989089998,76.3112398361952,-38.524341677154,NA,19.0042763557894
230,1.19,0.173953307123438,0.43,-0.843970070294529,0.19,-1.66073120682165,0.57,-0.562118918153541,15.4,23.57,1336.11667576563,54.2593965900577,-37.2159060526179,-0.534146155042795,24.6246136104369
231,0.61,-0.49429632181478,0.17,-1.77195684193188,0.07,NA,0.2,-1.6094379124341,13.05,22.5,1435.47023505744,86.6129969546271,-38.0297574649342,1.22585180907446,16.573381426917
232,1.42,0.350656871613169,0.3,-1.20397280432594,0.49,-0.713349887877465,0.63,-0.462035459596559,16.33,26.43,1442.18040023137,68.1781732731061,-37.4444928838413,0.571053395237785,21.1531100203334
233,1.11,0.104360015324243,0.21,-1.56064774826467,0.39,-0.941608539858445,0.51,-0.673344553263766,16.17,33.5,1621.07240295293,91.8256713594709,-38.5311366656555,-0.582050519069386,17.6538039848019
234,0.43,-0.843970070294529,0.08,-2.52572864430826,0.18,-1.71479842809193,0.16,-1.83258146374831,14.63,24.2,1617.5414118807,82.5845849666686,-38.1722204935733,-1.54126512197799,19.586481091278
235,0.79,-0.23572233352107,0.25,-1.38629436111989,0.19,-1.66073120682165,0.36,-1.02165124753198,20.97,35.87,1461.18676352011,73.1791277649669,-38.006507010787,-1.38378783971501,19.9672612689929
236,NA,NA,NA,NA,NA,NA,NA,NA,NA,NA,NA,NA,NA,NA,NA
237,0.83,-0.186329578191493,0.35,-1.04982212449868,0.44,-0.82098055206983,0.43,-0.843970070294529,13.37,27.1,1667.82471735975,107.523380492536,-38.8333175396134,-1.15524387352734,15.5112749405747
238,1.12,0.113328685307003,0.35,-1.04982212449868,0.19,-1.66073120682165,0.58,-0.544727175441672,22.23,34.3,1665.08391824532,93.448101702156,-37.9892573539956,-1.13791750415249,17.818274399542
239,0.69,-0.371063681390832,0.05,-2.99573227355399,0.34,-1.07880966137193,0.29,-1.23787435600162,16.73,33.43,1508.56259124456,77.7513170225116,-38.2058886358079,0.466258869960255,19.4024056313771
240,0.8,-0.22314355131421,0.25,-1.38629436111989,0.2,-1.6094379124341,0.35,-1.04982212449868,19.35,28.7,NA,100.144277712489,-38.3857463337364,-0.558298408761851,19.04522732247
241,0.25,-1.38629436111989,0.01,-4.60517018598809,0.18,-1.71479842809193,0.06,-2.81341071676004,7.8,17.3,1420.75276999915,69.3144863720018,-37.4247635714748,-0.600651262740694,20.4971982678218
242,1.22,0.198850858745165,0.44,-0.82098055206983,0.23,-1.46967597005894,0.55,-0.59783700075562,19.63,29.53,1611.01253708053,77.6846819498711,-38.4836724837819,-0.301525496470605,20.7378404164684
243,0.29,-1.23787435600162,0.02,-3.91202300542815,0.18,-1.71479842809193,0.09,-2.40794560865187,10.77,22.73,1520.65776617232,84.6621583666572,NA,1.71597937445054,17.9614812037583
244,0.48,-0.7339691750802,0.04,-3.2188758248682,0.28,-1.27296567581289,0.17,-1.77195684193188,13.6,24.35,1674.81956170015,89.9482943262871,-38.4170481721776,-0.24486786045384,18.6198034575814
245,0.97,-0.0304592074847086,0.08,-2.52572864430826,0.49,-0.713349887877465,0.39,-0.941608539858445,17.8,35.7,1705.05534709016,105.484682318985,-38.8117313906312,-0.190615116902472,16.1640089310227
246,NA,NA,NA,NA,NA,NA,NA,NA,NA,NA,NA,NA,NA,NA,NA
247,0.41,-0.891598119283784,0.03,-3.50655789731998,0.24,-1.42711635564015,0.15,-1.89711998488588,12.83,27.5,1442.01341554512,88.5989664531513,-37.7441816751142,0.374504271736686,16.2757363124277
248,NA,NA,NA,NA,NA,NA,NA,NA,NA,NA,NA,NA,NA,NA,NA
249,1.26,0.231111720963387,0.19,-1.66073120682165,0.5,-0.693147180559945,0.57,-0.562118918153541,17.37,31.37,1556.23313806985,52.6564005537853,-38.9240122319141,-0.521485753568155,NA
250,1.31,0.27002713721306,0.51,-0.673344553263766,0.13,-2.04022082852655,0.66,-0.415515443961666,21.53,38.57,1346.9337574089,64.2750963585436,-37.7179677570365,0.0246872140065994,20.9557641095604
251,0.86,-0.150822889734584,0.22,-1.51412773262978,0.26,-1.34707364796661,0.37,-0.994252273343867,12.77,23.83,1621.25210343353,106.047097084816,-38.2246348410702,0.441266908762827,15.2880385036553
252,0.39,-0.941608539858445,0.02,-3.91202300542815,0.23,-1.46967597005894,0.14,-1.96611285637283,11.1,23.8,1474.48690869708,84.5007718881736,-37.8698587820861,0.854113167950495,17.4493898191649
253,0.51,-0.673344553263766,0.3,-1.20397280432594,0.31,-1.17118298150295,0.38,-0.967584026261706,13.33,22.07,1438.09460206322,64.2207574418822,-37.1444712112449,-0.621891375780969,22.3929872419311
254,0.47,-0.755022584278033,0.02,-3.91202300542815,0.31,-1.17118298150295,0.14,-1.96611285637283,13.9,25.57,1634.11993272053,91.0329424559901,-37.7809201978212,-0.0393303517380202,17.9508635954566
255,0.62,-0.478035800943,0.41,-0.891598119283784,0.05,NA,0.38,-0.967584026261706,16.6,27,1555.51014657256,97.2047564259588,-38.0197640441798,-0.903419750450303,16.0024077397633
256,NA,NA,0.51,-0.673344553263766,NA,NA,0.44,-0.82098055206983,17.7,21.1,1414.83901701988,87.7955295270677,-38.1505554195729,-0.41371548986855,16.1151601299207
257,0.37,-0.994252273343867,0.16,-1.83258146374831,0.15,-1.89711998488588,0.18,-1.71479842809193,12.6,25.6,1442.71152243711,96.9258400667218,NA,-1.04673775796962,14.8846945401141
258,0.62,-0.478035800943,0.03,-3.50655789731998,0.39,-0.941608539858445,0.2,-1.6094379124341,11.8,22.5,1467.63890719104,76.9093568516637,-37.9543197514529,-0.642133707625487,19.0827094032485
259,0.92,-0.083381608939051,0.11,-2.20727491318972,0.44,-0.82098055206983,0.37,-0.994252273343867,14.03,28.33,1546.75141355594,70.8836002773899,-38.0778442116286,-0.537187050084468,21.8210052466722
260,0.71,-0.342490308946776,0.19,-1.66073120682165,0.23,-1.46967597005894,0.3,-1.20397280432594,13.73,27.4,1391.76135936966,86.043229821597,-37.8815362303238,0.454578470107266,16.1751408246222
261,0.58,-0.544727175441672,0.03,-3.50655789731998,0.4,-0.916290731874155,0.15,-1.89711998488588,9.05,19.9,1582.93613703075,98.2276800338505,NA,-1.56768185083403,16.1149702047859
262,0.93,-0.0725706928348354,0.32,-1.13943428318836,0.37,-0.994252273343867,0.39,-0.941608539858445,13.23,27.2,1301.27342427636,80.1915700333488,-38.1010289176957,-1.3554472652471,16.2270600729628
263,1.49,0.398776119957368,0.52,-0.653926467406664,0.35,-1.04982212449868,0.61,-0.49429632181478,18.2,30.27,1293.1767313748,51.5012432088094,-37.8966745104061,0.259696319123611,25.1096216479994
264,0.31,-1.17118298150295,0.01,-4.60517018598809,0.21,-1.56064774826467,0.09,-2.40794560865187,9.1,18.93,1575.72656919072,78.7752553612549,-37.9318301213829,1.82438859734515,20.0028113138397
265,0.85,-0.162518929497775,0.1,-2.30258509299405,0.4,-0.916290731874155,0.35,-1.04982212449868,13.65,27.8,1590.3695870698,91.1813165217525,-38.3050053007137,-0.412932033846045,17.4418361977741
266,0.59,-0.527632742082372,0.33,-1.10866262452161,0.01,NA,0.44,-0.82098055206983,18.77,29.9,1602.65567039762,97.5036190863927,NA,-0.895264630273935,16.4368839373808
267,0.43,-0.843970070294529,0.12,-2.12026353620009,0.26,-1.34707364796661,0.2,-1.6094379124341,11.73,22.7,1441.31856300558,86.0169920345783,-37.4864814282056,-0.411262129819617,16.756207452897
268,0.21,-1.56064774826467,0.01,-4.60517018598809,0.14,-1.96611285637283,0.06,-2.81341071676004,10.1,22.7,NA,60.8619495527637,NA,-0.904292266718955,NA
269,0.43,-0.843970070294529,0.02,-3.91202300542815,0.27,-1.30933331998376,0.14,-1.96611285637283,8.27,20.57,1397.03654424134,80.0130646707223,-38.1507556573569,-1.06373363267883,17.4601054214154
270,0.69,-0.371063681390832,0.05,-2.99573227355399,0.42,-0.867500567704723,0.22,-1.51412773262978,11.93,24.63,1534.98652500347,89.6433207027177,-38.2705554090371,-0.433159451208772,17.1232671098153
271,0.52,-0.653926467406664,0.21,-1.56064774826467,0.3,-1.20397280432594,0.25,-1.38629436111989,10.83,24.4,1528.52433745638,104.030465053015,-37.2714253723458,-0.558848557608686,14.6930453178059
272,0.52,-0.653926467406664,0.05,-2.99573227355399,0.28,-1.27296567581289,0.2,-1.6094379124341,14.13,28.3,1362.11310271445,59.2110511966619,-37.3027039226425,-0.623271882265296,23.0043729200208
273,0.36,-1.02165124753198,0.02,-3.91202300542815,0.24,-1.42711635564015,0.1,-2.30258509299405,7.53,19.3,1377.69001328807,84.9255932826214,-37.5584418494318,0.634800265013355,16.2223183852633
274,0.37,-0.994252273343867,0.02,-3.91202300542815,0.23,-1.46967597005894,0.12,-2.12026353620009,12.8,24.2,1699.37407289565,113.768328424721,-37.2859501562119,-0.121541107727709,14.9371454817508
275,0.36,-1.02165124753198,0.02,-3.91202300542815,0.25,-1.38629436111989,0.09,-2.40794560865187,8.87,19.33,1334.58886878645,68.4288069058078,NA,-0.226239735830322,19.5033192763906
276,0.41,-0.891598119283784,0.02,-3.91202300542815,0.25,-1.38629436111989,0.15,-1.89711998488588,10.93,23.23,1288.5940747258,74.6933746273301,-38.0306218512222,-0.420911522745463,17.2517854649763
277,1.41,0.343589704390077,0.32,-1.13943428318836,0.41,-0.891598119283784,0.68,-0.385662480811985,20.57,35.3,NA,NA,NA,NA,NA
278,NA,NA,NA,NA,NA,NA,NA,NA,NA,NA,NA,NA,NA,NA,NA
279,0.55,-0.59783700075562,0.18,-1.71479842809193,0.33,-1.10866262452161,0.29,-1.23787435600162,12.1,23.1,1406.93416893638,76.1642822317342,-37.5504279898595,0.9680640127613,18.4723616859632
280,NA,NA,NA,NA,NA,NA,NA,NA,NA,NA,NA,NA,NA,NA,NA
281,0.89,-0.116533816255952,0.11,-2.20727491318972,0.43,-0.843970070294529,0.35,-1.04982212449868,15.23,27.2,1504.02804878197,82.7059817198857,-37.929852678493,0.251656460120431,18.185239054122
282,0.66,-0.415515443961666,0.12,-2.12026353620009,0.24,-1.42711635564015,0.3,-1.20397280432594,18.3,31.6,1644.13430822023,83.405799700637,-38.1342946827075,0.566107742866563,19.7124698057139
283,0.84,-0.174353387144778,0.27,-1.30933331998376,0.15,-1.89711998488588,0.42,-0.867500567704723,17.3,31.13,1574.8767881318,74.9312817152729,-37.2742730093522,-1.45526515695018,21.0176144339301
284,1.12,0.113328685307003,0.09,-2.40794560865187,NA,-0.446287102628419,0.39,-0.941608539858445,11.6,24.83,1479.81390525333,63.4049926934952,-38.0247016133941,0.0775266615209362,23.3390754006844
285,0.69,-0.371063681390832,0.04,-3.2188758248682,0.42,-0.867500567704723,0.22,-1.51412773262978,10.9,23.3,1512.71225785378,97.3461546785794,-37.5535591118137,0.292705501475752,15.5395173322305
286,0.52,-0.653926467406664,0.28,-1.27296567581289,0.32,-1.13943428318836,0.33,-1.10866262452161,14.53,20.5,1600.74694060278,72.9561128845529,-37.5034690471433,0.527547027078844,21.9412312047906
287,0.92,-0.083381608939051,0.4,-0.916290731874155,0.2,-1.6094379124341,0.42,-0.867500567704723,17.8,30.95,1457.96189140232,87.5978582868239,-37.7635854893554,-0.0424831586267185,16.6438075075817
288,1.02,0.0198026272961797,0.61,-0.49429632181478,0.06,NA,0.31,-1.17118298150295,9.7,24,1239.75255068559,86.734541593387,-38.2292606251697,0.0108893660927183,14.2936427392165
289,0.67,-0.400477566597125,0.24,-1.42711635564015,0.2,-1.6094379124341,0.23,-1.46967597005894,15.2,26.57,1584.94303009052,102.960991041379,-38.0350479529509,-1.28661163826487,15.393626402193
290,NA,0.609765571620894,0.67,-0.400477566597125,0.27,-1.30933331998376,0.76,-0.27443684570176,18.8,34.6,1546.3203019203,69.5166236566259,-38.2424865605784,-0.431530245254416,22.2438924761115
291,NA,NA,NA,NA,NA,NA,NA,NA,NA,NA,NA,NA,NA,NA,NA
292,0.97,-0.0304592074847086,0.27,-1.30933331998376,0.26,-1.34707364796661,0.44,-0.82098055206983,20.97,33.8,1357.81449855703,95.8384456959888,-38.2053493693064,-1.0485003379935,14.1677433173758
293,0.92,-0.083381608939051,0.08,-2.52572864430826,0.49,-0.713349887877465,0.35,-1.04982212449868,20.67,33.93,1371.11043231932,77.1719862076317,-38.1896058512507,-0.0137341350477459,17.7669449718495
294,0.6,-0.510825623765991,0.29,-1.23787435600162,0.37,-0.994252273343867,0.36,-1.02165124753198,11.87,23.2,1584.59214762015,97.6758785926362,-38.4375639892258,-1.19503264868121,16.2229628282004
295,0.3,-1.20397280432594,0.3,-1.20397280432594,0.19,-1.66073120682165,0.26,-1.34707364796661,8.7,18.47,1690.3878030304,104.542467541153,-38.092760994955,-0.346407096747987,16.1693887927887
296,0.27,-1.30933331998376,0.01,-4.60517018598809,0.19,-1.66073120682165,0.07,-2.65926003693278,16.07,24.57,1474.2147160118,76.7106224959398,-36.9715658873615,-2.08326389706189,19.2178692864841
297,NA,NA,NA,NA,NA,NA,NA,NA,NA,NA,NA,NA,NA,NA,NA
298,1.17,0.157003748809665,0.09,-2.40794560865187,NA,-0.462035459596559,0.45,-0.798507696217772,12.5,27.45,1447.94342147338,59.3444643929065,NA,0.0152736940173746,24.3989635138818
299,0.6,-0.510825623765991,0.04,-3.2188758248682,0.35,-1.04982212449868,0.21,-1.56064774826467,13.37,27.13,1424.3650295885,67.971531125338,-38.2344006498477,1.2585380434474,20.9553177044373
300,0.98,-0.0202027073175195,0.26,-1.34707364796661,0.41,-0.891598119283784,0.34,-1.07880966137193,13.2,29,1371.14427424712,85.3378195739349,-38.4856669911317,0.407471872289863,16.0672522580588
301,0.71,-0.342490308946776,0.14,-1.96611285637283,0.23,-1.46967597005894,0.34,-1.07880966137193,14.6,27,1380.7889077575,61.2376799851341,-37.2344265317432,-0.728966777831844,22.5480277517485
302,1.26,0.231111720963387,0.34,-1.07880966137193,0.54,-0.616186139423817,0.47,-0.755022584278033,15.07,27.9,1301.10120899141,76.5347519283701,-38.2559809851886,0.311392136277437,17.0001362284303
303,0.51,-0.673344553263766,0.03,-3.50655789731998,0.28,-1.27296567581289,0.2,-1.6094379124341,10.83,22.13,1402.91137640319,82.9501732520382,-38.3553728767736,-0.941956122311462,16.9126997738816
304,1.36,0.307484699747961,0.12,-2.12026353620009,NA,-0.301105092783922,0.49,-0.713349887877465,11.8,27.4,1678.98952507021,74.0375150105655,-38.086715417988,-0.459992644158491,22.6775510338321
305,1,0,0.43,-0.843970070294529,0,NA,0.42,-0.867500567704723,12.6,14.5,1282.49680505113,85.7582956751948,-36.8457894326808,0.154337237927281,14.9547841984701
306,0.65,-0.430782916092454,0.02,-3.91202300542815,0.43,-0.843970070294529,0.21,-1.56064774826467,11.85,25.65,1339.10420626903,69.4068369308776,-37.6998862886296,0.298465689344699,19.2935489568938
307,0.27,-1.30933331998376,0.01,-4.60517018598809,0.16,-1.83258146374831,0.09,-2.40794560865187,11.3,21.7,1503.45563341962,76.9620378879211,-37.3034670603368,-0.154277362044952,19.5350288879965
308,0.85,-0.162518929497775,0.35,-1.04982212449868,0.08,-2.52572864430826,0.33,-1.10866262452161,17.37,31,1499.70620828821,91.2074598791099,-37.8598277961148,0.817160332351017,16.4428020501391
309,NA,NA,0.43,-0.843970070294529,NA,NA,0.24,-1.42711635564015,9.8,NA,1418.6177148044,93.3732870220853,-38.4907770516691,-0.751736132887548,15.1929717807713
310,0.55,-0.59783700075562,0.07,-2.65926003693278,0.23,-1.46967597005894,0.25,-1.38629436111989,11.9,22.25,1391.66576594796,78.9460610786831,-38.1767824552785,0.435219814571346,17.6280582835024
311,NA,NA,NA,-0.342490308946776,NA,NA,0.73,-0.3147107448397,18.7,NA,1339.21089989456,49.4811086283598,-37.8101585503921,0.758777116172834,27.0650948820293
312,0.66,-0.415515443961666,0.05,-2.99573227355399,0.37,-0.994252273343867,0.25,-1.38629436111989,13.75,24.5,1655.18772841608,87.3412827082489,-37.8699087651388,0.0564508501477592,18.9508062750235
313,NA,NA,NA,NA,NA,NA,NA,NA,NA,NA,NA,NA,NA,NA,NA
314,1.28,0.246860077931526,0.4,-0.916290731874155,0.33,-1.10866262452161,0.55,-0.59783700075562,16.5,37.1,1599.56267903574,86.1240546689216,-37.7510873634889,-1.59422444886135,18.5727748790368
315,NA,NA,NA,NA,NA,NA,NA,NA,NA,NA,NA,NA,NA,NA,NA
316,1.13,0.122217632724249,0.28,-1.27296567581289,0.25,-1.38629436111989,0.6,-0.510825623765991,23.27,32.53,1420.96116304889,61.3087248632972,-37.7297247870192,0.0866465978760299,23.1771443007055
317,0.84,-0.174353387144778,0.55,-0.59783700075562,0.03,NA,0.35,-1.04982212449868,16.25,27.5,1286.28485738447,90.422275545987,-38.617804700337,-1.38808547265407,14.2253095226551
318,1.35,0.300104592450338,0.2,-1.6094379124341,0.58,-0.544727175441672,0.57,-0.562118918153541,20.2,35.7,1669.22273734107,93.371851274181,-38.3973309580249,-0.868882234186137,17.8771515672265
319,0.51,-0.673344553263766,0.04,-3.2188758248682,0.28,-1.27296567581289,0.19,-1.66073120682165,10.97,24.5,1615.31469862727,94.9891140572763,-37.6157139856539,0.724811120751382,17.0052612308108
320,0.78,-0.2484613592985,0.08,-2.52572864430826,0.42,-0.867500567704723,0.28,-1.27296567581289,11.67,22.97,1619.83763117938,92.2697384283406,-37.8769092491091,0.756495239905522,17.5554592304106
321,0.76,-0.27443684570176,0.17,-1.77195684193188,0.26,-1.34707364796661,0.32,-1.13943428318836,15.23,28,1493.98993577108,88.209765105552,-37.3683942371677,0.0862152864342971,16.9367862388407
322,0.77,-0.261364764134408,0.18,-1.71479842809193,0.25,-1.38629436111989,0.34,-1.07880966137193,13.97,24.5,1589.08290526874,87.1870965139731,-37.8813925217758,0.562379062681719,18.2261248373383
323,0.54,-0.616186139423817,0.04,-3.2188758248682,0.29,-1.23787435600162,0.21,-1.56064774826467,14.93,29.03,1583.7252649774,87.3189222666592,-38.1745724712976,-0.886324496471751,18.1372516273269
324,0.4,-0.916290731874155,0.02,-3.91202300542815,0.27,-1.30933331998376,0.11,-2.20727491318972,9,21.7,1445.8450939452,70.5963917996346,-37.4113238564094,-0.840274685625996,20.4804389726995
325,0.2,-1.6094379124341,0.01,-4.60517018598809,0.13,-2.04022082852655,0.06,-2.81341071676004,10.1,18.93,1491.28809991517,95.9765373166091,-37.5543916634798,-0.529881007137036,15.5380485857255
326,0.86,-0.150822889734584,0.33,-1.10866262452161,0.51,-0.673344553263766,0.44,-0.82098055206983,13.4,20.8,1303.77573860701,66.0889155622332,-37.3034144989604,0.0966412863871453,19.7276007257117
327,0.31,-1.17118298150295,0.01,-4.60517018598809,0.22,-1.51412773262978,0.08,-2.52572864430826,8.03,17.3,1364.6050042973,60.6121876989155,-37.289232179151,0.210316615785243,22.5137065019964
328,NA,NA,NA,NA,NA,NA,NA,NA,NA,NA,NA,NA,NA,NA,NA
329,1.24,0.215111379616945,0.29,-1.23787435600162,0.42,-0.867500567704723,0.53,-0.63487827243597,15.8,29.27,1444.40200743008,74.3255453627259,-37.8710757300394,-0.73767006674564,19.4334532007948
330,0.74,-0.301105092783922,0.21,-1.56064774826467,0.24,-1.42711635564015,0.3,-1.20397280432594,15.63,24.7,1333.30426546724,80.1225278122394,-38.3710716559785,-0.788560291032521,16.6408162831773
331,NA,NA,0.47,-0.755022584278033,NA,NA,0.33,-1.10866262452161,10.75,NA,1678.60208912375,115.051731454916,-38.771244723499,-0.288756027791995,14.5899767686809
332,0.87,-0.139262067333508,0.21,-1.56064774826467,0.23,-1.46967597005894,0.43,-0.843970070294529,25.5,41.3,1528.99307393275,62.0858630551113,-37.7522847805814,-0.365992426891549,24.6270728744725
333,0.88,-0.127833371509885,0.48,-0.7339691750802,0.01,NA,0.39,-0.941608539858445,18.1,24.6,1505.78451663578,71.2318940453925,-38.5223732607089,-1.50146387541449,21.1391896399135
334,0.68,-0.385662480811985,0.04,-3.2188758248682,0.38,-0.967584026261706,0.26,-1.34707364796661,11.4,24.43,1470.48097173867,55.4622844655884,-37.4622282492283,1.0963141196141,26.5131699119071
335,0.55,-0.59783700075562,0.03,-3.50655789731998,0.3,-1.20397280432594,0.23,-1.46967597005894,11.2,24.4,1341.48029337867,82.2955013450834,-43.5892768786021,0.457646211020466,16.3007730854393
336,0.21,-1.56064774826467,0.01,-4.60517018598809,0.15,-1.89711998488588,0.05,-2.99573227355399,7.23,15.6,1652.94234890947,62.160431481779,-43.9200164073783,0.0931364492315412,NA
337,1.08,0.0769610411361284,0.05,-2.99573227355399,0.63,-0.462035459596559,0.4,-0.916290731874155,11.23,25.73,1457.93837111095,79.7114176367249,-44.3049018794512,1.40094070448181,18.2902075303105
338,0.26,-1.34707364796661,0.01,-4.60517018598809,0.18,-1.71479842809193,0.08,-2.52572864430826,7.83,20.33,1476.91970966346,73.6435810349423,-43.8612635768416,2.29622681767171,20.0549686599663
339,0.27,-1.30933331998376,0.02,-3.91202300542815,0.19,-1.66073120682165,0.06,-2.81341071676004,7.3,17.8,1492.41784667073,106.100565139792,-43.2149013890486,0.401130355248346,14.0660687782803
340,0.59,-0.527632742082372,0.03,-3.50655789731998,0.36,-1.02165124753198,0.2,-1.6094379124341,13.5,26.8,1530.21781040479,89.0868781546185,-42.8673158034383,1.77457922946664,17.1766913613131
341,0.3,-1.20397280432594,0.01,-4.60517018598809,0.21,-1.56064774826467,0.08,-2.52572864430826,8.23,19.6,1450.12944506906,75.5392550370481,-43.6780533209694,0.014441444250692,19.1970313230896
342,0.18,-1.71479842809193,0.01,-4.60517018598809,0.12,NA,0.05,-2.99573227355399,9.27,18.13,1718.57268700983,72.5891863120868,-42.6523544316682,0.925003815571579,23.6753265096688
343,0.41,-0.891598119283784,0.03,-3.50655789731998,0.19,-1.66073120682165,0.2,-1.6094379124341,10.27,21.6,1485.34824117006,70.7260707420159,-42.4725481443415,1.90966913137195,21.0014245890754
344,0.83,-0.186329578191493,0.06,-2.81341071676004,0.46,-0.776528789498996,0.31,-1.17118298150295,13.93,28.3,1685.02130571495,95.4696655832779,-44.3467668667602,-0.833500276596675,17.6498084016552
345,NA,NA,NA,NA,NA,NA,NA,NA,NA,NA,NA,NA,NA,NA,NA
346,0.36,-1.02165124753198,0.01,-4.60517018598809,0.26,-1.34707364796661,0.08,-2.52572864430826,8.6,17.7,1717.23122826474,72.3608652793219,-43.1355405413601,0.820373282412261,23.7314910709818
347,0.37,-0.994252273343867,0.01,-4.60517018598809,0.26,-1.34707364796661,0.11,-2.20727491318972,6.17,17.77,1552.28052309141,83.4332909042975,-44.0779628133239,0.495435193322506,18.6050496902006
348,0.32,-1.13943428318836,0.01,-4.60517018598809,0.21,-1.56064774826467,0.09,-2.40794560865187,8.77,17.8,1557.48704610798,86.2210352226645,-43.5113453277755,NA,18.0638871023271
349,1.23,0.207014169384326,0.28,-1.27296567581289,0.42,-0.867500567704723,0.53,-0.63487827243597,19.47,33.03,1602.65641509555,96.5768888167445,-44.6100401411633,-0.0867387248580089,16.5946163179537
350,0.29,-1.23787435600162,0.01,-4.60517018598809,0.19,-1.66073120682165,0.09,-2.40794560865187,8.47,18.6,1631.59921195461,60.4298623624724,NA,1.15981917731006,NA
351,0.58,-0.544727175441672,0.03,-3.50655789731998,0.35,-1.04982212449868,0.21,-1.56064774826467,10.33,22.67,1286.35612470908,56.573512270552,-44.4642013382706,1.41856716905244,22.7377808639019
352,0.97,-0.0304592074847086,0.07,-2.65926003693278,0.48,-0.7339691750802,0.42,-0.867500567704723,17.05,33.8,1521.15028425472,81.9644564723668,-44.0916138178349,1.09369160152953,18.5586576148108
353,0.46,-0.776528789498996,0.03,-3.50655789731998,0.3,-1.20397280432594,0.14,-1.96611285637283,9.27,19.3,1590.60410088806,89.3412673192389,-44.3047366089574,1.94180077428451,17.8036885821692
354,0.53,-0.63487827243597,0.05,-2.99573227355399,0.24,-1.42711635564015,0.25,-1.38629436111989,15,26.55,1507.91650992868,67.26808986365,-44.2143237489167,0.542058518020618,22.416520418302
355,0.42,-0.867500567704723,0.01,-4.60517018598809,0.29,-1.23787435600162,0.12,-2.12026353620009,8.3,18.97,1496.28029553964,84.0347503705217,-43.6458382720935,2.13605729454678,17.8054946190989
356,0.52,-0.653926467406664,0.02,-3.91202300542815,0.35,-1.04982212449868,0.15,-1.89711998488588,7.1,17.47,1567.36599095762,100.301044195751,-44.2287257104385,-0.0390264021855991,15.6266168864473
357,NA,NA,NA,NA,NA,NA,NA,NA,NA,NA,NA,NA,NA,NA,NA
358,0.48,-0.7339691750802,0.02,-3.91202300542815,0.32,-1.13943428318836,0.15,-1.89711998488588,11.73,21.47,1428.00168537923,80.2633123495785,-44.3059333053269,0.52219827083467,17.7914621709071
359,1.03,0.0295588022415444,0.05,-2.99573227355399,0.59,-0.527632742082372,0.38,-0.967584026261706,10.13,25.35,1623.10576175189,84.1325169224268,-42.6348258233952,0.995815628024911,19.292252521679
360,0.82,-0.198450938723838,0.04,-3.2188758248682,0.5,-0.693147180559945,0.29,-1.23787435600162,11,27.1,1601.17688047448,93.1633124520805,-44.4206873759582,0.621945004987404,17.1867749045319
361,1.61,0.476234178996372,NA,-0.127833371509885,NA,NA,0.55,-0.59783700075562,11.43,NA,1410.16426984349,77.8103239008789,-43.6314272871699,-0.872515302092876,18.1230998554879
362,0.51,-0.673344553263766,0.03,-3.50655789731998,0.32,-1.13943428318836,0.15,-1.89711998488588,10.4,22.27,NA,NA,-44.1041097104975,0.658465434856421,19.1461267443881
363,NA,NA,NA,NA,NA,NA,NA,NA,NA,NA,NA,NA,NA,NA,NA
364,0.52,-0.653926467406664,0.01,-4.60517018598809,0.33,-1.10866262452161,0.18,-1.71479842809193,9.1,21.8,1802.73057406964,68.2589726867868,NA,1.64175222051082,NA
365,0.41,-0.891598119283784,0.02,-3.91202300542815,0.28,-1.27296567581289,0.11,-2.20727491318972,7.23,17.57,1552.26536288682,99.5707472107453,-43.7636138789836,0.28835769290542,15.5895723028109
366,0.42,-0.867500567704723,0.02,-3.91202300542815,0.28,-1.27296567581289,0.12,-2.12026353620009,7.35,18.1,1782.0631007555,92.4128586330348,-43.3015028477301,0.364994155121308,19.283713620763
367,0.54,-0.616186139423817,0.03,-3.50655789731998,0.34,-1.07880966137193,0.17,-1.77195684193188,8.63,20.03,1558.8928020418,80.3178281872052,-44.2033851305495,0.984062723709842,19.4090507328998
368,0.58,-0.544727175441672,0.18,-1.71479842809193,0.16,-1.83258146374831,0.24,-1.42711635564015,12.75,28.45,1511.34369154382,74.27818861774,-43.4782134451,0.629891956280571,20.3470725345996
369,0.76,-0.27443684570176,0.35,-1.04982212449868,0.18,-1.71479842809193,0.37,-0.994252273343867,13.87,30.4,1320.03191956859,79.0647254812944,-43.5551339817803,0.666409447420081,16.6955859459842
370,0.61,-0.49429632181478,0.07,-2.65926003693278,0.29,-1.23787435600162,0.26,-1.34707364796661,14.83,32.87,1353.00879206984,83.1507386620462,-43.8437310346193,0.962185108943358,16.2717591429818
371,1.37,0.314810739840034,0.29,-1.23787435600162,0.44,-0.82098055206983,0.64,-0.446287102628419,11.5,26.83,1593.61214221057,66.2158329394631,-43.8422701553888,0.0750901731061588,24.0669349227624
372,NA,NA,NA,NA,NA,NA,NA,NA,NA,NA,NA,NA,NA,NA,NA
373,0.78,-0.2484613592985,0.05,-2.99573227355399,0.46,-0.776528789498996,0.27,-1.30933331998376,11.07,24.8,1416.35119528798,60.2162904605075,-43.7520270359303,0.340228123405573,23.5210635603149
374,0.73,-0.3147107448397,0.04,-3.2188758248682,0.41,-0.891598119283784,0.29,-1.23787435600162,13.67,27.3,1300.82784438977,64.6989268014222,-44.4090141598651,1.01404581972558,20.1058643272762
375,0.62,-0.478035800943,0.03,-3.50655789731998,0.37,-0.994252273343867,0.23,-1.46967597005894,11.6,25.85,1739.53911409212,75.7042702619933,-43.8635070204397,0.302470104378967,22.9780844339693
376,NA,NA,NA,NA,NA,NA,NA,NA,NA,NA,NA,NA,NA,NA,NA
377,0.95,-0.0512932943875506,0.24,-1.42711635564015,0.58,-0.544727175441672,0.3,-1.20397280432594,11.07,19.3,1373.28738540295,74.3996463743313,-44.0111382712082,0.2805992960957,18.4582515149797
378,1.6,0.470003629245736,0.26,-1.34707364796661,0.65,-0.430782916092454,0.69,-0.371063681390832,20.5,36.4,NA,NA,NA,NA,NA
379,0.81,-0.210721031315653,0.03,-3.50655789731998,0.52,-0.653926467406664,0.26,-1.34707364796661,12.17,27.63,1513.30429804341,78.0237720456071,-44.3754919788352,1.38563582215234,19.3954260139953
380,0.89,-0.116533816255952,0.23,-1.46967597005894,0.32,-1.13943428318836,0.34,-1.07880966137193,13.43,28.23,1291.91437576281,70.1594390489217,-43.7793192183375,0.631060906404469,18.4139781229147
381,0.47,-0.755022584278033,0.02,-3.91202300542815,0.32,-1.13943428318836,0.13,-2.04022082852655,8.43,19,1413.29333249366,77.4971817024595,-43.8940341638086,0.82165038908751,18.2367061801011
382,NA,NA,NA,NA,NA,NA,NA,NA,NA,NA,NA,NA,NA,NA,NA
383,0.66,-0.415515443961666,0.02,-3.91202300542815,0.48,-0.7339691750802,0.16,-1.83258146374831,9.13,19.73,1697.82161538367,85.1181929204122,-44.259391053777,0.933828570521385,19.9466360496066
384,0.67,-0.400477566597125,0.04,-3.2188758248682,0.37,-0.994252273343867,0.26,-1.34707364796661,14.87,28.1,1488.369802897,72.3810981405188,-44.4397642070696,NA,20.5629624464597
385,0.79,-0.23572233352107,0.06,-2.81341071676004,0.42,-0.867500567704723,0.32,-1.13943428318836,10.7,25.47,1519.41683331807,85.4096690712569,-43.276074694992,0.542156814172947,17.7897520250362
386,1.18,0.165514438477573,0.33,-1.10866262452161,0.33,-1.10866262452161,0.52,-0.653926467406664,16.47,30.17,1398.21493177958,66.2099141761513,-43.4450411022371,0.347130646274722,21.1179088385409
387,0.56,-0.579818495252942,0.08,-2.52572864430826,0.27,-1.30933331998376,0.2,-1.6094379124341,13.73,27.85,1428.22033459014,71.1174467929781,-43.8303875027732,1.24635578756088,20.0825591889944
388,0.44,-0.82098055206983,0.02,-3.91202300542815,0.29,-1.23787435600162,0.13,-2.04022082852655,9.13,22.13,1586.1390896467,78.514107635613,-44.2671059903037,2.29518944585471,20.2019629008335
389,0.94,-0.0618754037180875,0.26,-1.34707364796661,0.44,-0.82098055206983,0.41,-0.891598119283784,16.3,33.25,1310.98194226744,64.224665762035,-43.1525647548693,0.0887812610688974,20.4124369774828
390,1.21,0.19062035960865,0.05,-2.99573227355399,0.66,-0.415515443961666,0.49,-0.713349887877465,16.4,32.1,1324.2093006005,67.1789769492759,-44.9599744913928,2.29766479762341,19.7116622005178
391,0.87,-0.139262067333508,0.04,-3.2188758248682,0.47,-0.755022584278033,0.35,-1.04982212449868,13.8,29,1644.54290106077,87.4410330195511,-44.5077676457291,0.819542527544133,18.8074505100261
392,0.79,-0.23572233352107,0.05,-2.99573227355399,0.46,-0.776528789498996,0.28,-1.27296567581289,12.2,26.63,1593.37888852588,77.9036958913551,-44.156129713367,1.36288434603689,20.4531873654367
393,1.06,0.0582689081239758,0.12,-2.12026353620009,0.49,-0.713349887877465,0.45,-0.798507696217772,16.43,34.93,1652.62589091336,93.4714090339766,-44.2349871644179,1.23316761586785,17.6805496781656
394,0.49,-0.713349887877465,0.02,-3.91202300542815,0.3,-1.20397280432594,0.16,-1.83258146374831,10.3,21.83,1690.18983160846,87.6400369092769,-43.9788676988832,0.431478980974853,19.2855901391063
395,0.37,-0.994252273343867,0.01,-4.60517018598809,0.25,-1.38629436111989,0.1,-2.30258509299405,7.67,19.03,1588.35538535016,74.2492760134087,-43.8726857006725,0.635354555276446,21.3922003099844
396,0.39,-0.941608539858445,0.03,-3.50655789731998,0.21,-1.56064774826467,0.15,-1.89711998488588,9.8,23.4,1342.61697908007,47.5629393484291,-43.1966715747336,NA,NA
397,1.55,0.438254930931155,0.21,-1.56064774826467,0.59,-0.527632742082372,0.75,-0.287682072451781,20.2,32.4,1693.35522594025,71.0146140475117,-43.9461316034493,0.0110244239027009,23.8451655149083
398,0.99,-0.0100503358535015,0.23,-1.46967597005894,0.29,-1.23787435600162,0.47,-0.755022584278033,16.07,30.37,1477.90463070741,88.9570323951724,-43.1422705812696,1.38030605700637,16.6136908000948
399,0.43,-0.843970070294529,0.02,-3.91202300542815,0.27,-1.30933331998376,0.14,-1.96611285637283,9.37,22.37,1553.67313076789,74.3525414823447,-44.3632692627227,0.877576379158472,20.8960326008065
400,1.02,0.0198026272961797,0.07,-2.65926003693278,0.54,-0.616186139423817,0.42,-0.867500567704723,13.93,30.9,1627.70196722493,97.9967677431777,-44.6353749692514,1.16345311948233,16.6097515735486
401,0.7,-0.356674943938732,0.03,-3.50655789731998,0.41,-0.891598119283784,0.26,-1.34707364796661,10.73,22.73,1306.65297303956,69.3765283408688,-43.9215730433788,2.0582069890304,18.8342225286853
402,1.21,0.19062035960865,0.2,-1.6094379124341,0.46,-0.776528789498996,0.55,-0.59783700075562,23.25,40.7,1623.97169767475,96.1822468893897,-43.9141915602441,0.515810081668507,16.8843185743241
403,NA,NA,NA,NA,NA,NA,NA,NA,NA,NA,NA,NA,NA,NA,NA
404,0.86,-0.150822889734584,0.04,-3.2188758248682,0.55,-0.59783700075562,0.27,-1.30933331998376,8.5,24.07,1322.44698984412,65.745233835,-44.7276481166114,0.987395924004589,20.1147203029659
405,0.77,-0.261364764134408,0.12,-2.12026353620009,0.31,-1.17118298150295,0.34,-1.07880966137193,17.6,33.6,1532.0897697204,99.9324008306114,-43.7638272512747,0.770582742376725,15.3312615026366
406,0.4,-0.916290731874155,0.03,-3.50655789731998,0.24,-1.42711635564015,0.14,-1.96611285637283,12.03,22.97,1630.48456691779,79.8556335397916,-44.1491349723475,1.61631355188768,20.4179028409478
407,0.92,-0.083381608939051,0.15,-1.89711998488588,0.34,-1.07880966137193,0.43,-0.843970070294529,17.7,35.23,1531.40485532689,93.8405915372701,-44.0881585632866,0.783191664917434,16.3192157065492
408,0.39,-0.941608539858445,0.01,-4.60517018598809,0.27,-1.30933331998376,0.1,-2.30258509299405,6.53,17.23,1677.72542944949,76.6418166438657,-43.9250653309846,0.479256756497001,21.8904705409769
409,NA,0.593326845277734,NA,-0.867500567704723,NA,-0.287682072451781,0.75,-0.287682072451781,16.7,26.95,1428.61222407047,65.6197615392285,-43.8382526126243,-0.100069950812567,21.7710669859173
410,0.19,-1.66073120682165,0.01,-4.60517018598809,0.12,NA,0.06,-2.81341071676004,6.95,17.4,NA,NA,NA,NA,NA
411,0.53,-0.63487827243597,0.04,-3.2188758248682,0.29,-1.23787435600162,0.2,-1.6094379124341,11.17,23.67,1679.54966534714,108.405511376303,-43.132771073886,0.228056917800689,15.4932128821107
412,0.56,-0.579818495252942,0.04,-3.2188758248682,0.31,-1.17118298150295,0.21,-1.56064774826467,9.13,23.23,1625.52075612566,86.0359385704477,-44.4105791294895,-0.249949266669701,18.8935087259455
413,NA,NA,NA,NA,NA,NA,NA,NA,NA,NA,NA,NA,NA,NA,NA
414,0.48,-0.7339691750802,0.02,-3.91202300542815,0.28,-1.27296567581289,0.18,-1.71479842809193,12.1,27.37,1484.2291356638,79.8558503821626,-44.1638169313913,1.3325181461204,18.5863543943342
415,NA,NA,NA,NA,NA,NA,NA,NA,NA,NA,NA,NA,NA,NA,NA
416,0.66,-0.415515443961666,0.04,-3.2188758248682,0.36,-1.02165124753198,0.26,-1.34707364796661,10.27,22.53,1640.7257759459,70.3191397204462,-44.5361813639902,0.652961044650858,23.3325632604239
417,NA,0.62057648772511,NA,-0.843970070294529,0.4,-0.916290731874155,NA,0.0295588022415444,NA,41.4,1548.55244007307,51.7999146214687,-43.1865005364012,-0.794927797161301,NA
418,0.43,-0.843970070294529,0.02,-3.91202300542815,0.29,-1.23787435600162,0.12,-2.12026353620009,9,19.93,1580.85649072603,94.5703303597235,-43.9803801030182,1.04175775713942,16.7161993059855
419,0.28,-1.27296567581289,0.01,-4.60517018598809,0.18,-1.71479842809193,0.09,-2.40794560865187,8.43,18.43,1532.02197219161,78.9014677488683,-44.3839897959884,0.859512078245784,19.4169007992071
420,1.04,0.0392207131532813,0.06,-2.81341071676004,0.56,-0.579818495252942,0.43,-0.843970070294529,14.47,29.13,1300.47925464519,48.7060031749956,-44.5427354268945,-0.281456008353022,NA
421,0.47,-0.755022584278033,0.02,-3.91202300542815,0.28,-1.27296567581289,0.17,-1.77195684193188,11.43,23.7,1530.25769370379,72.2737272674484,-43.9545599512319,0.731112768837076,21.1730839346514
422,1.61,0.476234178996372,0.32,-1.13943428318836,0.45,-0.798507696217772,0.84,-0.174353387144778,24.4,43.15,1523.3076119323,74.487821976945,-43.1628037221298,0.140430799215729,20.4504249352839
423,0.23,-1.46967597005894,0.1,-2.30258509299405,0.05,NA,0.15,-1.89711998488588,12.63,22.4,1379.28179123506,83.6185254226826,NA,1.158226579109,16.4949308094461
424,0.84,-0.174353387144778,0.05,-2.99573227355399,0.43,-0.843970070294529,0.35,-1.04982212449868,13.05,25.55,1627.09935754315,77.4226922234899,-44.2485582980455,-0.337823366127418,21.0157940884609
425,0.35,-1.04982212449868,0.01,-4.60517018598809,0.24,-1.42711635564015,0.09,-2.40794560865187,8.67,19.9,1459.55374171124,62.1737900897317,NA,0.179120634197371,23.4753863260508
426,0.56,-0.579818495252942,0.04,-3.2188758248682,0.34,-1.07880966137193,0.18,-1.71479842809193,11.4,25.2,1553.85517994033,84.0114718284464,-44.3995902074793,1.05722732433973,18.4957499984448
427,1.12,0.113328685307003,0.16,-1.83258146374831,0.49,-0.713349887877465,0.48,-0.7339691750802,18.3,32.27,1470.19361327567,79.4836680249063,-44.4571358839959,-0.389476326898743,18.4968012902347
428,1.05,0.048790164169432,0.08,-2.52572864430826,0.5,-0.693147180559945,0.47,-0.755022584278033,15.5,34.1,1420.74332511712,91.3256248536817,-43.8557894689544,0.0683998672366135,15.5568968445973
429,0.67,-0.400477566597125,0.04,-3.2188758248682,0.41,-0.891598119283784,0.22,-1.51412773262978,11.47,23.77,1330.47789219997,61.0171671383928,-44.1584125665742,1.88147010188613,21.8049764451096
430,0.88,-0.127833371509885,0.09,-2.40794560865187,0.46,-0.776528789498996,0.33,-1.10866262452161,14.07,23.9,1631.2622430329,82.2087714891328,-44.1522824406562,0.551365726196926,19.8429220323349
431,0.66,-0.415515443961666,0.04,-3.2188758248682,0.4,-0.916290731874155,0.23,-1.46967597005894,11.07,22.73,1305.06937807831,52.8640673045432,-44.8010023291706,0.564565803683942,24.6872676398502
432,1.01,0.00995033085316809,0.13,-2.04022082852655,0.45,-0.798507696217772,0.44,-0.82098055206983,16.8,30.8,1644.06888299691,101.260611851382,-43.7160320281009,0.218604096061274,16.236015691964
433,0.95,-0.0512932943875506,0.24,-1.42711635564015,0.34,-1.07880966137193,0.5,-0.693147180559945,20.97,33.85,1409.47308416188,71.9468524681319,-42.7820103573436,0.783635653700024,19.5904759667727
434,0.6,-0.510825623765991,0.06,-2.81341071676004,0.29,-1.23787435600162,0.25,-1.38629436111989,14.4,25.7,1534.40529614906,54.6470969272885,-42.8991026634472,0.625936036620365,NA
435,0.55,-0.59783700075562,0.02,-3.91202300542815,0.35,-1.04982212449868,0.17,-1.77195684193188,8.83,22.97,1389.20342517021,61.9995726842918,-43.4375981803889,1.13315969801595,22.4066612885249
436,0.46,-0.776528789498996,0.01,-4.60517018598809,0.32,-1.13943428318836,0.12,-2.12026353620009,7.2,19.23,1651.36473487781,84.4793210476983,-43.4257917388489,-0.373151764003749,19.5475616328098
437,0.53,-0.63487827243597,0.03,-3.50655789731998,0.33,-1.10866262452161,0.17,-1.77195684193188,10.13,22.87,1394.35728386167,77.1839380258984,-44.9441031618274,1.25958953185927,18.0653814708677
438,1.75,0.559615787935423,0.32,-1.13943428318836,0.62,-0.478035800943,0.81,-0.210721031315653,23.6,41.8,1364.34000403856,61.6426114798278,-43.3993872003172,0.194809069718665,22.1330662553943
439,1.25,0.22314355131421,0.13,-2.04022082852655,0.57,-0.562118918153541,0.54,-0.616186139423817,17.1,30.77,1636.52023968551,51.9712396771741,-43.5314627149112,-1.07690544599871,NA
440,0.36,-1.02165124753198,0.02,-3.91202300542815,0.25,-1.38629436111989,0.1,-2.30258509299405,8.17,18.43,1643.8895553097,89.1229216451262,-43.6294042414114,0.144200185791641,18.445193727551
441,0.56,-0.579818495252942,0.03,-3.50655789731998,0.34,-1.07880966137193,0.19,-1.66073120682165,10.9,23.7,1329.54088578409,89.6591430227998,-44.352310897511,-0.264447589710594,14.8288377622124
442,0.48,-0.7339691750802,0.02,-3.91202300542815,0.34,-1.07880966137193,0.13,-2.04022082852655,8.17,18.2,1535.36560409293,79.9204311851522,-43.6981231825707,-0.183026558627235,19.2111776841636
443,0.73,-0.3147107448397,0.16,-1.83258146374831,0.25,-1.38629436111989,0.32,-1.13943428318836,12.37,25.13,1595.37481600541,87.8951046927778,-43.4003436796884,0.088910249362183,18.1508949967324
444,0.81,-0.210721031315653,0.06,-2.81341071676004,0.41,-0.891598119283784,0.34,-1.07880966137193,14.73,30.3,1653.52927801064,96.3658701599397,-44.5559019397954,1.40951859618981,17.1588683344659
445,NA,NA,NA,NA,NA,NA,NA,NA,NA,NA,NA,NA,NA,NA,NA
446,1.16,0.148420005118273,0.19,-1.66073120682165,0.38,-0.967584026261706,0.59,-0.527632742082372,16.1,30.43,1528.36684392337,91.8344702304058,-43.2346612701888,0.392943020699543,16.6426271103738
447,1.03,0.0295588022415444,0.12,-2.12026353620009,0.44,-0.82098055206983,0.47,-0.755022584278033,19.3,35.4,NA,NA,NA,NA,NA
448,0.66,-0.415515443961666,0.07,-2.65926003693278,0.33,-1.10866262452161,0.27,-1.30933331998376,13.57,26.4,1378.25982501024,64.4463135182847,-44.3718416300823,0.423129323820382,21.3861701277793
449,0.89,-0.116533816255952,0.32,-1.13943428318836,0.11,NA,0.46,-0.776528789498996,14.1,24.53,NA,NA,NA,NA,NA
450,1.45,0.371563556432483,NA,-0.867500567704723,0.27,-1.30933331998376,0.76,-0.27443684570176,NA,39.93,1521.90976357986,57.0470031994587,-42.9186366323992,-0.604948516394168,NA
451,0.74,-0.301105092783922,0.04,-3.2188758248682,0.45,-0.798507696217772,0.26,-1.34707364796661,8.17,24.8,1334.58886878645,71.2406628100384,-44.7027594001734,1.56845604731792,18.7335268390905
452,0.55,-0.59783700075562,0.02,-3.91202300542815,0.38,-0.967584026261706,0.16,-1.83258146374831,8,19.05,1447.60749352273,84.0428983478021,-44.3410255631058,0.61080066391538,17.2246260181552
453,0.66,-0.415515443961666,0.16,-1.83258146374831,0.26,-1.34707364796661,0.24,-1.42711635564015,16.6,26.4,1570.54375349016,88.1377730499944,-43.3978229103989,0.0928168145880489,17.8191903328361
454,1.11,0.104360015324243,NA,-0.994252273343867,0.24,-1.42711635564015,0.5,-0.693147180559945,21.7,33.87,1549.74387415715,96.8291671220043,-43.4756453623277,-0.149794472906765,16.0049282692319
455,0.6,-0.510825623765991,0.05,-2.99573227355399,0.33,-1.10866262452161,0.21,-1.56064774826467,11.27,25.63,1379.5063147134,83.6260559769118,-44.0614569730885,1.02861641216697,16.4961302861666
456,0.62,-0.478035800943,0.04,-3.2188758248682,0.37,-0.994252273343867,0.21,-1.56064774826467,13.5,27.13,1622.29932819264,80.3400920325425,-44.7871268149147,0.963158509705249,20.1928985535081
457,0.81,-0.210721031315653,0.16,-1.83258146374831,0.3,-1.20397280432594,0.35,-1.04982212449868,14.1,27.2,1505.16185235849,84.5147908335245,-43.2308153736893,0.190193471340158,17.8094489439526
458,NA,NA,NA,NA,NA,NA,NA,NA,NA,NA,NA,NA,NA,NA,NA
459,0.91,-0.0943106794712413,0.08,-2.52572864430826,0.46,-0.776528789498996,0.37,-0.994252273343867,14.13,29.07,1536.68005824776,79.7539830792878,-43.9232757747066,-0.512590810813506,19.2677531443171
460,0.54,-0.616186139423817,0.02,-3.91202300542815,0.34,-1.07880966137193,0.18,-1.71479842809193,10.63,22.03,1322.47770456397,68.1196904631796,-43.8158712916467,0.0458199143310838,19.4140298579131
461,0.63,-0.462035459596559,0.03,-3.50655789731998,0.38,-0.967584026261706,0.22,-1.51412773262978,8.13,19.5,1258.69774613807,84.4615089014251,-44.6048284249679,0.280051965947353,14.902619696353
462,1.32,0.27763173659828,0.09,-2.40794560865187,NA,-0.3147107448397,0.5,-0.693147180559945,14.03,31.53,1509.66930131268,87.1970937641644,-44.4678456567923,-0.0586820150212996,17.3132983697343
463,0.21,-1.56064774826467,0.01,-4.60517018598809,0.14,-1.96611285637283,0.05,-2.99573227355399,7.1,16.87,NA,NA,NA,NA,NA
464,NA,NA,NA,NA,NA,NA,NA,NA,NA,NA,NA,NA,NA,NA,NA
465,1.05,0.048790164169432,0.14,-1.96611285637283,0.47,-0.755022584278033,0.44,-0.82098055206983,14.53,29.23,1450.63205772338,84.9460878174912,-44.1369020208927,-0.562677048379978,17.0770908348375
466,0.93,-0.0725706928348354,0.25,-1.38629436111989,0.23,-1.46967597005894,0.45,-0.798507696217772,15.07,24.9,1605.20676432,78.103658423326,-44.1303484668862,1.36185590756682,20.5522608892363
467,0.73,-0.3147107448397,0.07,-2.65926003693278,0.41,-0.891598119283784,0.26,-1.34707364796661,12.77,26.37,1659.62409133595,82.8454656915049,-43.8862383645122,0.505641694695204,20.0327691743078
468,0.45,-0.798507696217772,0.02,-3.91202300542815,0.29,-1.23787435600162,0.14,-1.96611285637283,12,24.07,1518.4901635516,79.1644025438222,-44.4276799508628,0.137310186162827,19.1814769613278
469,0.63,-0.462035459596559,0.03,-3.50655789731998,0.38,-0.967584026261706,0.21,-1.56064774826467,9.5,21.77,1477.81070571256,72.3450706075875,-44.8503563271797,1.71036391589612,20.427248094462
470,0.86,-0.150822889734584,0.05,-2.99573227355399,0.46,-0.776528789498996,0.35,-1.04982212449868,16.5,33.4,1353.13543756797,69.6982414697535,-44.1867042189003,0.862072969327646,19.4141976760659
471,1.31,0.27002713721306,0.15,-1.89711998488588,0.59,-0.527632742082372,0.57,-0.562118918153541,18.17,33.23,1596.10516858633,79.2086952114138,-44.3924835645339,-0.747047597659724,20.150630739797
472,0.86,-0.150822889734584,0.17,-1.77195684193188,0.3,-1.20397280432594,0.39,-0.941608539858445,15.77,28.2,1523.42430679155,105.463311629119,-43.6851556421395,-0.251354844026594,14.4450641958688
473,0.39,-0.941608539858445,0.02,-3.91202300542815,0.24,-1.42711635564015,0.13,-2.04022082852655,9.83,22.33,1483.85475819062,92.6676026687072,-44.1064553338397,0.148309386203061,16.0126593918211
474,0.4,-0.916290731874155,0.02,-3.91202300542815,0.24,-1.42711635564015,0.15,-1.89711998488588,9.4,19.85,1369.86834112772,71.5561484446478,-43.2846596892694,0.687315720630998,19.1439641582635
475,1.22,0.198850858745165,0.09,-2.40794560865187,0.63,-0.462035459596559,0.5,-0.693147180559945,14.3,29.75,1461.82035736002,60.4116866666664,-44.2276972513305,0.560412575363258,24.1976418474442
476,0.89,-0.116533816255952,0.07,-2.65926003693278,0.52,-0.653926467406664,0.31,-1.17118298150295,13.93,26.87,1494.99467921601,79.8995835840376,-43.4981780626316,1.05758142852535,18.7109195336868
477,0.54,-0.616186139423817,0.03,-3.50655789731998,0.31,-1.17118298150295,0.2,-1.6094379124341,11.97,24.67,1546.71685133345,80.4974779915557,-44.459841890465,0.599463997091905,19.2144759056389
478,1.44,0.364643113587909,NA,-0.63487827243597,0.19,-1.66073120682165,0.72,-0.328504066972036,NA,35.27,1325.59672438436,NA,NA,-0.000369492131050543,NA
479,1.1,0.0953101798043249,0.09,-2.40794560865187,0.57,-0.562118918153541,0.45,-0.798507696217772,15.47,31.03,1403.47422887289,69.829978713742,-44.1525860776333,0.477892710243891,20.0984484704805
480,NA,NA,NA,NA,NA,NA,NA,NA,NA,NA,NA,NA,NA,NA,NA
481,0.6,-0.510825623765991,0.02,-3.91202300542815,0.36,-1.02165124753198,0.21,-1.56064774826467,11.33,23.2,1565.07392256907,93.2139893065406,-44.1678659375115,0.78296050549306,16.7901184598185
482,NA,NA,NA,NA,NA,NA,NA,NA,NA,NA,NA,NA,NA,NA,NA
483,0.62,-0.478035800943,0.04,-3.2188758248682,0.34,-1.07880966137193,0.24,-1.42711635564015,10.3,25.6,1571.00723154103,75.0136705676368,-43.6904860615825,1.37075920082454,20.9429457277992
484,0.83,-0.186329578191493,0.2,-1.6094379124341,0.45,-0.798507696217772,0.31,-1.17118298150295,13.13,28,1337.92871203887,73.0527520031936,-43.4328979472188,0.385036723775469,18.3145559250167
485,1.35,0.300104592450338,NA,-0.562118918153541,0.51,-0.673344553263766,0.62,-0.478035800943,20.75,42,1377.34033324257,85.2467796198982,-43.7674920581429,-0.129648728304499,16.1570951933189
486,0.76,-0.27443684570176,0.27,-1.30933331998376,0.22,-1.51412773262978,0.27,-1.30933331998376,16.57,22.67,1650.85508303905,83.582488980219,-43.901760614314,-0.321342592513564,19.7512074978977
487,1.47,0.385262400790645,0.25,-1.38629436111989,0.54,-0.616186139423817,0.68,-0.385662480811985,20.5,36.47,1544.96178159462,79.9225783724459,-43.6302292195036,0.539550174205671,19.3307299771408
488,1.24,0.215111379616945,0.25,-1.38629436111989,0.47,-0.755022584278033,0.53,-0.63487827243597,18.03,32.9,1696.93722736352,87.1102731935751,-42.9341936236626,0.0981232848983836,19.4803341230788
489,0.92,-0.083381608939051,0.21,-1.56064774826467,0.3,-1.20397280432594,0.41,-0.891598119283784,13.27,25.33,1585.30368775505,96.7059795972001,-43.5156995932497,0.354953301522793,16.3930265156112
490,1,0,0.16,-1.83258146374831,0.39,-0.941608539858445,0.45,-0.798507696217772,17.83,33.47,1525.54014504897,59.7606806627728,-43.1198515330043,0.102901249924569,25.5274894484139
491,0.48,-0.7339691750802,0.02,-3.91202300542815,0.32,-1.13943428318836,0.14,-1.96611285637283,8.5,19.7,1525.92473225757,93.0252738947998,-43.6959762966542,-0.155261883947082,16.4033350117646
492,0.63,-0.462035459596559,0.04,-3.2188758248682,0.37,-0.994252273343867,0.23,-1.46967597005894,12.83,25.93,1313.89500335221,81.7581945378217,-44.6312741249832,0.233044014161141,16.0704992420594
493,1.52,0.418710334858185,0.12,-2.12026353620009,0.68,-0.385662480811985,0.72,-0.328504066972036,16.13,31.63,1513.52189446951,68.9077182631552,-43.7633703591407,0.855116963831678,21.964475571364
494,0.44,-0.82098055206983,0.01,-4.60517018598809,0.31,-1.17118298150295,0.11,-2.20727491318972,9.93,20.43,1385.59816888429,61.4005736244076,-44.5008278775395,0.877115522915013,22.5665345955903
495,NA,NA,NA,NA,NA,NA,NA,NA,NA,NA,NA,NA,NA,NA,NA
496,1.38,0.322083499169113,0.19,-1.66073120682165,0.59,-0.527632742082372,0.6,-0.510825623765991,17.67,31.07,1552.53273561931,59.8685513656388,-44.1997377241123,-0.304147902640314,25.9323584787853
497,0.48,-0.7339691750802,0.02,-3.91202300542815,0.29,-1.23787435600162,0.18,-1.71479842809193,13.43,25.47,1437.54555038006,69.1785747088664,-44.7112519705273,-0.106285762485695,20.7802134754855
498,1.06,0.0582689081239758,0.21,-1.56064774826467,0.39,-0.941608539858445,0.46,-0.776528789498996,16.57,31.03,NA,NA,NA,NA,NA
499,0.35,-1.04982212449868,0.02,-3.91202300542815,0.22,-1.51412773262978,0.12,-2.12026353620009,8.67,20.73,1378.78735238673,71.0672017200262,-44.0801420220304,0.697725819856053,19.4011769004013
500,0.66,-0.415515443961666,0.07,-2.65926003693278,0.31,-1.17118298150295,0.29,-1.23787435600162,17.65,34.2,1642.90939636963,66.3064170954711,NA,-0.179701155502197,24.7775323767547
501,0.67,-0.400477566597125,0.04,-3.2188758248682,0.4,-0.916290731874155,0.23,-1.46967597005894,10.57,21.07,1476.32582907905,72.7250417054905,-44.0708353698962,0.407067178693867,20.3001028869481
