Trt,Rack,Row,Pos,RIL,Rep,PLANT_ID,PLOT,leaf_mass,stem_mass,seed_mass,notes,ht_flag,ht_flower,flowering
ambient,1,1,1,108,4,108.4,101,0.3243,0.2888,,,13,,not flowering
ambient,1,1,2,28,6,28.6,102,0.3520,0.6618,0.4402,,21,36,
ambient,1,1,3,83,6,83.6,103,0.0223,0.1116,0.1835,,,,
ambient,1,1,4,27,5,27.5,104,0.0705,0.3220,0.5139,,14,26,
ambient,1,1,5,169,6,169.6,105,0.0205,0.1287,0.2313,,9.5,20,
ambient,1,2,6,43,6,43.6,106,0.0183,0.1327,0.1687,,12,22,
ambient,1,2,7,9,5,9.5,107,0.2069,0.8562,0.8636,,23,42.5,
ambient,1,2,8,72,6,72.6,108,0.0240,0.1220,0.2460,,9,16.5,
ambient,1,2,9,139,5,139.5,109,0.0239,0.1240,0.2319,,8,21,
ambient,1,2,10,137,5,137.5,110,0.1890,0.5694,0.4977,,22.5,35.5,
ambient,1,3,11,15,4,15.4,111,0.5192,0.2675,,,16,,not flowering
ambient,1,3,12,142,5,142.5,112,0.1679,0.7835,0.9233,,15,35,
ambient,1,3,13,146,5,146.5,113,0.1175,0.5659,0.8587,,13.5,29,
ambient,1,3,14,129,6,129.6,114,0.5786,0.4286,,,15.5,,not flowering
ambient,1,3,15,54,4,54.4,115,0.3577,0.3309,,,11,,not flowering
ambient,1,4,16,5,5,5.5,116,0.0717,0.2486,0.2599,,16.5,30,
ambient,1,4,17,168,6,168.6,117,0.4518,0.5176,0.0486,,18,25.5,
ambient,1,4,18,96,6,96.6,118,,,,,,,
ambient,1,4,19,100,6,100.6,119,0.0380,0.1360,0.2934,,7.5,21,
ambient,1,4,20,96,4,96.4,120,,,,,,,
ambient,2,1,1,100,4,100.4,201,0.2715,0.2980,0.1015,,15,25,
ambient,2,1,2,153,4,153.4,202,0.0112,0.1113,0.1818,,12,22,
ambient,2,1,3,21,5,21.5,203,0.2801,0.2028,,,7.5,,
ambient,2,1,4,169,4,169.4,204,0.1370,0.3784,0.3738,,14,26,
ambient,2,1,5,88,5,88.5,205,0.0411,0.2391,0.3527,,13,26,
ambient,2,2,6,69,4,69.4,206,0.2357,0.3041,0.0664,,16,22.5,
ambient,2,2,7,127,5,127.5,207,0.0199,0.1396,0.2766,,10,23.5,
ambient,2,2,8,57,4,57.4,208,0.0102,0.0845,0.1598,,10,19.5,
ambient,2,2,9,60,5,60.5,209,0.0385,0.2007,0.3078,,13.5,27,
ambient,2,2,10,108,6,108.6,210,0.0242,0.1842,0.3293,,11,23,
ambient,2,3,11,43,4,43.4,211,0.1556,0.3257,0.2014,,19,28,
ambient,2,3,12,171,5,171.5,212,0.0096,0.0887,0.2434,,9,20.5,
ambient,2,3,13,168,4,168.4,213,0.0395,0.2275,0.3536,,13,30,
ambient,2,3,14,80,5,80.5,214,0.0082,0.0857,0.2109,,10,19,
ambient,2,3,15,3,5,3.5,215,0.0139,0.1073,0.2619,,11,22,
ambient,2,4,16,129,4,129.4,216,0.3322,0.2268,0.0376,,17,25.5,
ambient,2,4,17,35,4,35.4,217,,,,,,,
ambient,2,4,18,69,6,69.6,218,,,,,,,
ambient,2,4,19,23,5,23.5,219,0.0146,0.1430,0.3102,,7.5,21.5,
ambient,2,4,20,37,6,37.6,220,0.0602,0.1552,0.1525,,16.5,22.5,
ambient,3,1,1,81,6,81.6,301,0.6482,0.6385,0.1081,,16,25,
ambient,3,1,2,4,4,4.4,302,0.0110,0.0539,0.1645,,7,18.5,
ambient,3,1,3,55,5,55.5,303,0.0244,0.2031,0.3778,,12,23.5,
ambient,3,1,4,115,4,115.4,304,0.0231,0.1263,0.2923,,7.2,19.5,
ambient,3,1,5,8,5,8.5,305,0.0230,0.1290,0.2915,,11.6,22.5,
ambient,3,2,6,82,4,82.4,306,0.0231,0.1525,0.2735,,12.9,24.4,
ambient,3,2,7,212121,11,bd21.11,307,0.0328,0.2760,0.4129,,10.4,24,
ambient,3,2,8,183,4,183.4,308,,,,,,,
ambient,3,2,9,12,6,12.6,309,0.0093,0.0555,0.1623,,7.2,16.9,
ambient,3,2,10,132,4,132.4,310,0.5033,0.8516,0.3737,,21.2,36.5,
ambient,3,3,11,33,6,33.6,311,0.0165,0.1397,0.2380,,13,24.9,
ambient,3,3,12,12,4,12.4,312,0.0035,0.0163,0.0442,,5,9.8,
ambient,3,3,13,116,6,116.6,313,0.0202,0.1104,0.2425,,8.1,21.7,
ambient,3,3,14,2,4,2.4,314,0.0117,0.0687,0.2266,,7.1,20.6,
ambient,3,3,15,112,6,112.6,315,0.0153,0.0700,0.2142,,7.9,18.6,
ambient,3,4,16,2,6,2.6,316,0.0097,0.0640,0.1823,,7.5,18.5,
ambient,3,4,17,25,4,25.4,317,0.0125,0.0924,0.2176,,7.8,19.8,
ambient,3,4,18,91,6,91.6,318,0.0234,0.1582,0.2816,,13,26.3,
ambient,3,4,19,64,4,64.4,319,0.0520,0.1780,0.2698,,11.5,21.4,
ambient,3,4,20,6,4,6.4,320,0.5745,0.3167,,,12,,not flowering
ambient,4,1,1,60,6,60.6,401,,,,,,,
ambient,4,1,2,153,5,153.5,402,0.0142,0.0962,0.1707,,12.9,22,
ambient,4,1,3,80,4,80.4,403,0.0060,0.0476,0.1614,,6.4,16,
ambient,4,1,4,121,4,121.4,404,0.0397,0.2142,0.3660,,11.4,24.1,
ambient,4,1,5,62,4,62.4,405,0.0273,0.1521,0.2453,,14,27.1,
ambient,4,2,6,21,4,21.4,406,0.0605,0.1381,0.1241,,,,
ambient,4,2,7,3,6,3.6,407,0.0143,0.1314,0.3180,,13,21.2,
ambient,4,2,8,19,4,19.4,408,0.1593,0.5606,0.5806,,18.1,28.9,
ambient,4,2,9,154,4,154.4,409,0.3032,0.3300,0.1103,,22.5,34.5,
ambient,4,2,10,11,4,11.4,410,0.1435,0.3409,0.2174,,18,26.2,
ambient,4,3,11,64,5,64.5,411,0.0118,0.1166,0.2704,,7,19,
ambient,4,3,12,127,6,127.6,412,0.0654,0.2980,0.5489,,10.7,21.4,
ambient,4,3,13,171,6,171.6,413,0.0187,0.1290,0.3162,,8,23.5,
ambient,4,3,14,23,4,23.4,414,0.0150,0.1025,0.2382,,10,19.5,
ambient,4,3,15,25,5,25.5,415,0.0103,0.0839,0.1405,,12.5,23.6,
ambient,4,4,16,21,6,21.6,416,0.0299,0.0735,0.1121,,10.6,16.7,
ambient,4,4,17,57,6,57.6,417,0.2882,0.3743,0.1825,,22.5,35.6,
ambient,4,4,18,19,6,19.6,418,0.0185,0.1222,0.2197,,9.9,21.9,
ambient,4,4,19,154,6,154.6,419,0.4325,0.4582,0.0594,,18.7,27.5,
ambient,4,4,20,11,6,11.6,420,,,,,,,
ambient,5,1,1,103,5,103.5,501,0.9085,0.5801,0.0825,,14.6,24.2,
ambient,5,1,2,166,5,166.5,502,0.1615,0.5758,0.7406,,15.3,28.4,
ambient,5,1,3,113,6,113.6,503,0.0435,0.1825,0.3117,,10.5,22.5,
ambient,5,1,4,7,6,7.6,504,0.0058,0.0471,0.1496,,6.5,15.6,
ambient,5,1,5,136,6,136.6,505,0.2958,0.2289,0.0344,,16.9,26.3,
ambient,5,2,6,27,6,27.6,506,0.0665,0.2765,0.4914,,11.7,27,
ambient,5,2,7,140,6,140.6,507,0.0182,0.0875,0.2274,,18.2,16,
ambient,5,2,8,155,4,155.4,508,0.2363,0.1240,,,9.4,,not flowering
ambient,5,2,9,38,6,38.6,509,0.0291,0.1766,0.3108,,7.6,16.6,
ambient,5,2,10,155,6,155.6,510,0.6681,0.3707,,,10,,not flowering
ambient,5,3,11,113,4,113.4,511,0.5555,0.3757,,,9.5,,not flowering
ambient,5,3,12,128,4,128.4,512,0.0354,0.1328,0.3361,,8,16.9,
ambient,5,3,13,62,6,62.6,513,0.0967,0.3208,0.5314,,14.5,25.2,
ambient,5,3,14,136,4,136.4,514,0.2860,0.5974,0.4228,,23.5,39,
ambient,5,3,15,7,4,7.4,515,0.0138,0.0793,0.1817,,9,16.6,
ambient,5,4,16,28,4,28.4,516,0.3500,0.2918,0.0319,,13.4,22,
ambient,5,4,17,38,4,38.4,517,0.2298,0.6058,0.4918,,16.5,28.4,
ambient,5,4,18,142,6,142.6,518,0.0148,0.1177,0.3280,,10,19.9,
ambient,5,4,19,140,4,140.4,519,0.0145,0.0911,0.2342,,8.6,21.7,
ambient,5,4,20,137,4,137.4,520,0.0427,0.3326,0.5976,,11,24.7,
ambient,6,1,1,157,4,157.4,601,0.5635,0.6519,,,17,,not flowering
ambient,6,1,2,50,5,50.5,602,0.3336,0.3467,0.0909,,18.5,28.4,
ambient,6,1,3,157,6,157.6,603,,,,,,,
ambient,6,1,4,26,4,26.4,604,0.3253,0.8279,0.3945,,28.9,45.2,
ambient,6,1,5,99,4,99.4,605,0.2266,0.5624,0.4206,,20.6,35,
ambient,6,2,6,99,5,99.5,606,0.0524,0.2240,0.3931,,11.5,25.5,
ambient,6,2,7,49,5,49.5,607,0.1103,0.6008,0.6907,,18.1,38.2,
ambient,6,2,8,66,4,66.4,608,0.0200,0.1139,0.1410,,,,
ambient,6,2,9,88,4,88.4,609,0.1471,0.4536,0.4360,,15.6,29.1,
ambient,6,2,10,31,4,31.4,610,,,,,,,
ambient,6,3,11,20,6,20.6,611,0.5578,0.6726,0.2770,,30.1,41.7,
ambient,6,3,12,86,4,86.4,612,0.0264,0.1745,0.2950,,12.4,29,
ambient,6,3,13,84,4,84.4,613,0.1290,0.5442,0.5405,,22.6,48,
ambient,6,3,14,81,4,81.4,614,0.2622,0.6295,0.4940,,23.5,35.4,
ambient,6,3,15,58,6,58.6,615,0.0126,0.1299,0.2943,,11.5,23.8,
ambient,6,4,16,61,6,61.6,616,0.0570,0.1577,0.0716,,20.2,30.1,
ambient,6,4,17,35,6,35.6,617,0.0227,0.0386,0.0777,,11,18.4,
ambient,6,4,18,66,6,66.6,618,0.0528,0.2594,0.2679,,14.4,32.5,
ambient,6,4,19,33333,11,bd3-1.11,619,,,,corn,,,corn
ambient,6,4,20,31,6,31.6,620,0.0365,0.2536,0.2956,,22.1,40,
ambient,7,1,1,174,4,174.4,701,0.0032,0.0157,0.0702,,5.5,12.9,
ambient,7,1,2,160,4,160.4,702,0.5530,0.7377,0.2472,,18.6,38.2,
ambient,7,1,3,131,5,131.5,703,0.0312,0.1688,0.2840,,12.5,25.4,
ambient,7,1,4,112,4,112.4,704,0.0209,0.1248,0.2635,,8.9,19.2,
ambient,7,1,5,65,4,65.4,705,0.0090,0.0622,0.1422,,5.4,15.3,
ambient,7,2,6,47,6,47.6,706,0.1608,0.1473,0.0659,,5.1,28.9,
ambient,7,2,7,12,5,12.5,707,0.0087,0.0496,0.1263,,6,16.2,
ambient,7,2,8,150,5,150.5,708,0.5010,0.4812,,,11.1,,not flowering
ambient,7,2,9,33,4,33.4,709,0.0104,0.0578,0.1558,,8.3,17.1,
ambient,7,2,10,97,5,97.5,710,0.1316,0.1950,0.0946,,16,30.1,
ambient,7,3,11,170,5,170.5,711,0.0603,0.3270,0.4494,,16.9,31.9,
ambient,7,3,12,181,6,181.6,712,0.0603,0.3333,0.5386,,14.9,26.6,
ambient,7,3,13,145,4,145.4,713,0.0119,0.0846,0.2054,,8.3,21,
ambient,7,3,14,115,5,115.5,714,0.0190,0.0769,0.2273,,7.4,17.5,
ambient,7,3,15,152,6,152.6,715,,,,,,,
ambient,7,4,16,114,4,114.4,716,0.0235,0.1759,0.2662,,10,29.9,
ambient,7,4,17,125,5,125.5,717,0.0347,0.2271,0.2949,,5.7,28.5,
ambient,7,4,18,164,5,164.5,718,,,,,,,
ambient,7,4,19,116,4,116.4,719,0.0215,0.1338,0.3258,,16,21.4,
ambient,7,4,20,101,5,101.5,720,0.0307,0.1691,0.4397,,9.4,20.5,
ambient,8,1,1,68,5,68.5,801,0.0173,0.1108,0.2115,,8.7,19.6,
ambient,8,1,2,158,5,158.5,802,0.0269,0.2103,0.3521,,12,22.2,
ambient,8,1,3,162,5,162.5,803,0.2435,0.9433,0.4624,,32.8,46.1,
ambient,8,1,4,79,5,79.5,804,0.0506,0.2827,0.3822,,19.3,33.8,
ambient,8,1,5,53,5,53.5,805,0.1039,0.3871,0.3993,,18.9,33.8,
ambient,8,2,6,18,6,18.6,806,0.0987,0.5663,0.5322,,21.2,39.2,
ambient,8,2,7,149,5,149.5,807,,,,,,,
ambient,8,2,8,78,5,78.5,808,0.0220,0.1120,0.2112,,13.1,25.2,
ambient,8,2,9,94,5,94.5,809,0.0109,0.1298,0.2959,,13.8,26.8,
ambient,8,2,10,20,4,20.4,810,0.2750,0.6455,0.4806,,20,38.1,
ambient,8,3,11,34,5,34.5,811,0.2346,0.6836,0.5641,,22.5,40.6,
ambient,8,3,12,48,4,48.4,812,0.7074,0.6751,0.2270,,19.4,38,
ambient,8,3,13,22,5,22.5,813,0.0113,0.0533,0.1645,,18.7,18,
ambient,8,3,14,98,5,98.5,814,0.0143,0.1421,0.2828,,9.4,18.9,
ambient,8,3,15,18,4,18.4,815,0.0140,0.0935,0.2283,,10.5,21.1,
ambient,8,4,16,92,5,92.5,816,0.8582,0.7891,,,17,18.8,flowering 20/1/16
ambient,8,4,17,61,4,61.4,817,,,,,,,
ambient,8,4,18,109,5,109.5,818,,,,,,,
ambient,8,4,19,117,6,117.6,819,0.0140,0.0984,0.3041,,7,16.3,
ambient,8,4,20,1,4,1.4,820,0.0126,0.1110,0.2403,,9.1,22,
ambient,9,1,1,5,4,5.4,901,,,,,,,
ambient,9,1,2,182,4,182.4,902,0.3967,0.2859,,,11.2,,not flowering
ambient,9,1,3,26,6,26.6,903,0.0229,0.1749,0.2775,,7.6,24.9,
ambient,9,1,4,33333,4,bd3-1.4,904,,,,,,,
ambient,9,1,5,36,6,36.6,905,,,,,,,
ambient,9,2,6,130,6,130.6,906,0.6274,0.3311,0.0580,,14.7,24,
ambient,9,2,7,126,5,126.5,907,0.1208,0.3728,0.5414,,12,23,
ambient,9,2,8,4,6,4.6,908,,,,,,,
ambient,9,2,9,144,5,144.5,909,0.0340,0.1602,0.3313,,10.7,21.6,
ambient,9,2,10,8,4,8.4,910,0.0137,0.1123,0.2782,,12.1,22,
ambient,9,3,11,91,4,91.4,911,0.0043,0.0400,0.0695,,5.6,16.1,
ambient,9,3,12,123,4,123.4,912,0.2257,0.5656,0.5387,,19,31,
ambient,9,3,13,128,5,128.5,913,0.0350,0.1976,0.3065,,16.1,24.1,
ambient,9,3,14,56,5,56.5,914,0.6335,0.4456,,,16.7,,not flowering
ambient,9,3,15,59,5,59.5,915,0.5794,0.5412,0.1008,,25,45.5,
ambient,9,4,16,119,4,119.4,916,0.4613,0.7424,0.1797,,21,35.3,
ambient,9,4,17,212121,6,bd21.6,917,0.0839,0.4373,0.5770,,14.6,28.6,
ambient,9,4,18,82,6,82.6,918,0.0172,0.0605,0.1292,,11,21,
ambient,9,4,19,124,6,124.6,919,0.0513,0.2623,0.3568,,18.5,32.3,
ambient,9,4,20,6,5,6.5,920,,,,,,,
ambient,10,1,1,152,5,152.5,1001,0.0176,0.1738,0.4095,,12,24,
ambient,10,1,2,91,5,91.5,1002,0.0417,0.2150,0.3401,,14.7,29,
ambient,10,1,3,131,4,131.4,1003,0.0256,0.1429,0.2927,,9.9,24.3,
ambient,10,1,4,4,5,4.5,1004,0.0285,0.1692,0.3459,,11.3,26.1,
ambient,10,1,5,8,6,8.6,1005,0.0071,0.0694,0.1441,,10,20.1,
ambient,10,2,6,42,6,42.6,1006,0.0423,0.2501,0.3457,,13,30,
ambient,10,2,7,125,6,125.6,1007,0.4552,0.5998,0.1485,,24.3,38.7,
ambient,10,2,8,160,6,160.6,1008,0.0969,0.5860,0.7254,,16.2,36,
ambient,10,2,9,42,5,42.5,1009,0.3122,0.5830,0.3148,,25,41.8,
ambient,10,2,10,170,6,170.6,1010,0.0585,0.2690,0.3277,,19.4,37.6,
ambient,10,3,11,114,5,114.5,1011,0.1060,0.3771,0.4202,,23,38.4,
ambient,10,3,12,117,4,117.4,1012,0.0156,0.0884,0.2308,,11.5,23.4,
ambient,10,3,13,47,5,47.5,1013,0.0475,0.1643,0.2941,,11,24.6,
ambient,10,3,14,92,6,92.6,1014,0.0240,0.1576,0.2895,,11,23.4,
ambient,10,3,15,65,5,65.5,1015,0.0887,0.5154,0.7080,,17.6,40,
ambient,10,4,16,174,5,174.5,1016,0.0049,0.0512,0.1472,,11.5,19.4,
ambient,10,4,17,145,5,145.5,1017,0.3988,0.7383,0.1798,,22.5,32.9,
ambient,10,4,18,117,5,117.5,1018,0.0166,0.0906,0.2121,,8.1,18.3,
ambient,10,4,19,114,6,114.6,1019,0.0060,0.0427,0.1410,,9.4,16.6,
ambient,10,4,20,6,6,6.6,1020,0.2211,0.2230,0.0627,,22.1,32.5,
ambient,11,1,1,32,4,32.4,1101,,,,,,,
ambient,11,1,2,158,4,158.4,1102,0.0679,0.2819,0.3814,,15.5,26.8,
ambient,11,1,3,79,6,79.6,1103,0.4543,0.4211,0.0103,,19.4,23.6,flowering 21/1/16
ambient,11,1,4,13,4,13.4,1104,0.0191,0.1638,0.2664,,10.9,23.6,
ambient,11,1,5,76,4,76.4,1105,0.0216,0.1485,0.3259,,11.6,21.3,
ambient,11,2,6,71,4,71.4,1106,0.0221,0.2127,0.4101,,8,23.3,
ambient,11,2,7,152,4,152.4,1107,0.0247,0.2397,0.4439,,11.7,27.3,
ambient,11,2,8,138,4,138.4,1108,0.0123,0.1149,0.2437,,9,19.9,
ambient,11,2,9,145,6,145.6,1109,0.0220,0.2088,0.2916,,13,27.1,
ambient,11,2,10,65,6,65.6,1110,0.0063,0.0377,0.1435,,4.5,14.8,
ambient,11,3,11,102,4,102.4,1111,0.0540,0.2579,0.4517,,13.1,26.4,
ambient,11,3,12,174,6,174.6,1112,0.0186,0.1744,0.4543,,7.1,19.6,
ambient,11,3,13,149,6,149.6,1113,0.1237,0.4932,0.7438,,11.8,27.4,
ambient,11,3,14,94,6,94.6,1114,0.0290,0.1862,0.4166,,13.5,29.8,
ambient,11,3,15,78,4,78.4,1115,0.0960,0.5418,0.5851,,19.6,41.7,
ambient,11,4,16,51,4,51.4,1116,0.0712,0.3762,0.5903,,13.5,28,
ambient,11,4,17,122,4,122.4,1117,,,,,,,
ambient,11,4,18,111,6,111.6,1118,0.0242,0.1700,0.3534,,9.8,21.2,
ambient,11,4,19,25,6,25.6,1119,0.0175,0.1604,0.3174,,11.1,23,
ambient,11,4,20,64,6,64.6,1120,0.0119,0.0901,0.1859,,9,19.5,
ambient,12,1,1,181,4,181.4,1201,0.5436,0.4761,0.0267,,21,29.3,
ambient,12,1,2,146,4,146.4,1202,0.6071,0.3901,,,13.1,,not flowering
ambient,12,1,3,143,6,143.6,1203,0.0501,0.3066,0.4280,,16.6,30.2,
ambient,12,1,4,47,4,47.4,1204,0.0545,0.3105,0.3992,,15.6,34.5,
ambient,12,1,5,81,5,81.5,1205,0.4004,0.3840,0.0937,,19.4,28.2,
ambient,12,2,6,156,6,156.6,1206,0.1850,0.5743,0.3973,,21.3,37.2,
ambient,12,2,7,144,4,144.4,1207,0.3353,0.5999,0.4909,,17.9,36.4,
ambient,12,2,8,63,5,63.5,1208,0.7364,0.5305,0.0624,,21.2,30.6,
ambient,12,2,9,56,4,56.4,1209,0.5908,0.5332,0.0948,,30.7,44,
ambient,12,2,10,51,5,51.5,1210,0.0311,0.1924,0.3734,,9.9,23,
ambient,12,3,11,89,4,89.4,1211,0.5565,0.6022,0.0492,,32.6,43.7,
ambient,12,3,12,143,4,143.4,1212,0.0283,0.1428,0.2680,,11.6,25.8,
ambient,12,3,13,63,6,63.6,1213,0.6837,0.5887,0.1439,,16.8,33,
ambient,12,3,14,26,5,26.5,1214,0.1104,0.6375,0.8522,,22,42.1,
ambient,12,3,15,59,4,59.4,1215,0.2647,0.9937,0.5987,,29.7,51.1,
ambient,12,4,16,172,4,172.4,1216,0.0065,0.0280,0.0932,,9.9,17.1,
ambient,12,4,17,104,4,104.4,1217,0.0076,0.0389,0.1225,,8.6,16.8,
ambient,12,4,18,165,5,165.5,1218,0.0117,0.0852,0.2121,,7.9,22.3,
ambient,12,4,19,44,5,44.5,1219,0.1534,0.5074,0.4730,,26.4,44.2,
ambient,12,4,20,90,5,90.5,1220,0.0085,0.0531,0.1362,,7.2,18,
ambient,13,1,1,34,4,34.4,1301,0.0164,0.1044,0.1753,,9.7,20.6,
ambient,13,1,2,98,6,98.6,1302,0.0607,0.2556,0.4616,,14.5,25.6,
ambient,13,1,3,162,4,162.4,1303,0.5869,0.7134,0.0420,,26,26.5,flowering 21/1/16
ambient,13,1,4,95,4,95.4,1304,,,,,,,
ambient,13,1,5,48,5,48.5,1305,0.5273,0.7002,0.4058,,18,32,
ambient,13,2,6,98,4,98.4,1306,0.0252,0.2048,0.4213,,11.5,23,
ambient,13,2,7,53,4,53.4,1307,0.0528,0.3273,0.5093,,14,28.7,
ambient,13,2,8,16,6,16.6,1308,0.0822,0.3630,0.3372,,17.2,32.3,
ambient,13,2,9,147,5,147.5,1309,0.0162,0.1430,0.2533,,13.3,26.8,
ambient,13,2,10,107,4,107.4,1310,0.2640,0.3154,0.0112,,23,29.9,
ambient,13,3,11,68,6,68.6,1311,1.2173,1.3471,0.0340,,25.5,25.7,
ambient,13,3,12,50,6,50.6,1312,0.0188,0.0970,0.1940,,10.8,19.9,
ambient,13,3,13,22,6,22.6,1313,0.0065,0.0651,0.1928,,8,19.7,
ambient,13,3,14,49,6,49.6,1314,0.5823,0.8845,0.3590,,22.5,39.7,
ambient,13,3,15,92,4,92.4,1315,0.0231,0.1944,0.3320,,12,24,
ambient,13,4,16,17,6,17.6,1316,0.0102,0.0656,0.1066,,8.6,17.5,
ambient,13,4,17,1,5,1.5,1317,0.0225,0.1592,0.1882,,14.4,29,
ambient,13,4,18,77,4,77.4,1318,0.2831,0.4606,0.0823,,23,34.8,
ambient,13,4,19,109,4,109.4,1319,0.0092,0.0633,0.1358,,10.1,22.7,
ambient,13,4,20,118,4,118.4,1320,0.0378,0.2439,0.4040,,11.6,24.8,
ambient,14,1,1,115,6,115.6,1401,0.0188,0.1027,0.1934,,8,20.9,
ambient,14,1,2,176,6,176.6,1402,0.1432,0.7038,0.9151,,18,38.6,
ambient,14,1,3,138,5,138.5,1403,0.8089,0.6556,,,15.1,,not flowering
ambient,14,1,4,112,5,112.5,1404,0.1042,0.4651,0.7871,,19,36.1,
ambient,14,1,5,102,6,102.6,1405,0.3409,0.4689,0.2932,,16.1,28,
ambient,14,2,6,95,6,95.6,1406,0.5593,0.4599,,,16,,not flowering
ambient,14,2,7,22,6,22.6,1407,,,,,,,
ambient,14,2,8,176,4,176.4,1408,0.0185,0.1184,0.1787,,9,24.8,
ambient,14,2,9,13,5,13.5,1409,0.0174,0.0933,0.1900,,9.4,19.9,
ambient,14,2,10,32,5,32.5,1410,0.0087,0.0800,0.1813,,9,18.6,
ambient,14,3,11,116,5,116.5,1411,0.0173,0.1168,0.1339,,14.3,29.5,
ambient,14,3,12,16,4,16.4,1412,0.8475,0.5834,,,12.2,,not flowering
ambient,14,3,13,73,6,73.6,1413,0.0374,0.1702,0.3020,,11.4,27.5,
ambient,14,3,14,77,6,77.6,1414,0.5923,0.8114,0.1264,,28,39.9,
ambient,14,3,15,107,6,107.6,1415,0.4477,0.6669,,,18.1,,not flowering
ambient,14,4,16,111,5,111.5,1416,0.0098,0.0461,0.1353,,6,17.8,
ambient,14,4,17,163,5,163.5,1417,0.6415,0.3482,,,12,,not flowering
ambient,14,4,18,82,5,82.5,1418,0.0145,0.0589,0.1263,,8.4,22.8,
ambient,14,4,19,33,5,33.5,1419,0.0115,0.1073,0.2465,,10,21.8,
ambient,14,4,20,76,5,76.5,1420,0.1506,0.4766,0.5456,,17,32.9,
ambient,15,1,1,147,4,147.4,1501,0.0121,0.0644,0.1138,,6.6,16.2,
ambient,15,1,2,97,6,97.6,1502,0.0248,0.0949,0.2050,,12.5,21.1,
ambient,15,1,3,50,4,50.4,1503,0.0939,0.3538,0.5536,,17.6,28.6,
ambient,15,1,4,106,5,106.5,1504,0.0656,0.2950,0.3829,,14.7,29.1,
ambient,15,1,5,34,6,34.6,1505,0.0533,0.2760,0.4841,,12.5,26,
ambient,15,2,6,68,4,68.4,1506,0.0512,0.2448,0.3285,,12,25.4,
ambient,15,2,7,125,4,125.4,1507,0.3297,0.4221,0.0107,,21.9,26.2,
ambient,15,2,8,164,6,164.6,1508,0.2719,0.5886,0.4540,,22.3,34.8,
ambient,15,2,9,101,4,101.4,1509,,,,,,,
ambient,15,2,10,99,6,99.6,1510,0.0573,0.3202,0.5170,,10,24.5,
ambient,15,3,11,73,4,73.4,1511,0.5090,0.6298,0.1703,,28,45,
ambient,15,3,12,170,4,170.4,1512,0.0039,0.0404,0.0854,,8.5,17.6,
ambient,15,3,13,42,4,42.4,1513,0.7079,0.5004,,,16,,not flowering
ambient,15,3,14,73,5,73.5,1514,0.2023,0.2677,0.0953,,23.5,35.1,
ambient,15,3,15,48,6,48.6,1515,0.0486,0.2531,0.4143,,12.1,27.4,
ambient,15,4,16,162,6,162.6,1516,0.0164,0.1530,0.2398,,11,25,
ambient,15,4,17,131,6,131.6,1517,0.6696,0.3836,0.0144,,23.2,30,
ambient,15,4,18,49,4,49.4,1518,0.0614,0.2266,0.3701,,15,26.9,
ambient,15,4,19,160,5,160.5,1519,0.5428,0.3309,0.0065,,14.7,,not flowering
ambient,15,4,20,71,5,71.5,1520,0.1278,0.4577,0.4120,,19,35.7,
ambient,16,1,1,176,5,176.5,1601,0.7207,0.7636,0.1654,,20.4,24.4,
ambient,16,1,2,70,6,70.6,1602,0.3774,0.5349,0.2008,,14.5,21.6,
ambient,16,1,3,95,5,95.5,1603,0.2693,0.3035,0.0467,,17.2,27,
ambient,16,1,4,103,6,103.6,1604,0.1652,0.5294,0.5730,,18,30.2,
ambient,16,1,5,150,4,150.4,1605,0.5064,0.4876,0.0048,,14.5,14.5,flowering 21/1/16
ambient,16,2,6,102,5,102.5,1606,0.5618,0.4518,,,10.5,,not flowering
ambient,16,2,7,97,4,97.4,1607,0.3134,0.2638,,,9.3,,not flowering
ambient,16,2,8,10,5,10.5,1608,0.0127,0.0660,0.1533,,9.6,20.2,
ambient,16,2,9,166,6,166.6,1609,0.0106,0.0606,0.1704,,6.5,18.4,
ambient,16,2,10,163,6,163.6,1610,,,,,,,
ambient,16,3,11,106,4,106.4,1611,0.1363,0.4018,0.4149,,12.6,26.5,
ambient,16,3,12,77,5,77.5,1612,0.1753,0.4563,0.3662,,15.7,28.2,
ambient,16,3,13,122,5,122.5,1613,,,,,,,
ambient,16,3,14,101,6,101.6,1614,0.0214,0.1352,0.3577,,8.7,19.3,
ambient,16,3,15,164,4,164.4,1615,0.1271,0.5584,0.6991,,18.1,36.6,
ambient,16,4,16,107,5,107.5,1616,0.2928,0.3346, ,,15.2,,not flowering
ambient,16,4,17,181,5,181.5,1617,0.0140,0.0804,0.1597,,11,18.2,
ambient,16,4,18,150,6,150.6,1618,0.2959,0.2988,,,12.2,,not flowering
ambient,16,4,19,106,6,106.6,1619,,,,,,,
ambient,16,4,20,163,4,163.4,1620,0.4594,0.3506,0.0264,,20.5,27.5,
ambient,17,1,1,144,6,144.6,1701,0.4015,0.2518,,,11,,not flowering
ambient,17,1,2,89,6,89.6,1702,0.0485,0.3490,0.3213,,14.5,34,
ambient,17,1,3,56,6,56.6,1703,0.0559,0.2672,0.3804,,13.6,27.5,
ambient,17,1,4,29,6,29.6,1704,0.0198,0.0785,0.2158,,10.5,19.5,
ambient,17,1,5,146,6,146.6,1705,0.3100,0.4489,0.2163,,18.6,26.8,
ambient,17,2,6,143,5,143.5,1706,0.0267,0.1807,0.3621,,11.9,25.4,
ambient,17,2,7,20,5,20.5,1707,0.4784,0.3865,0.2636,,18.5,27.9,
ambient,17,2,8,58,4,58.4,1708,0.1048,0.2568,0.3999,,13,27,
ambient,17,2,9,84,6,84.6,1709,0.0724,0.2957,0.4886,,16.1,28,
ambient,17,2,10,84,5,84.5,1710,0.0448,0.3364,0.4491,,14.7,31.1,
ambient,17,3,11,156,5,156.5,1711,0.0050,0.0130,0.0233,,2.5,7.3,
ambient,17,3,12,61,5,61.5,1712,0.7386,0.7392,0.1072,,26.5,36.1,
ambient,17,3,13,18,5,18.5,1713,0.0177,0.1397,0.2189,,,,
ambient,17,3,14,44,6,44.6,1714,0.4786,0.7213,0.2222,,28.5,42,
ambient,17,3,15,58,5,58.5,1715,0.0139,0.0714,0.1689,,8,17,
ambient,17,4,16,63,4,63.4,1716,0.4565,0.3270,,,12.5,,not flowering
ambient,17,4,17,104,6,104.6,1717,0.0223,0.1617,0.3123,,10.2,23,
ambient,17,4,18,59,6,59.6,1718,0.7513,0.7330,0.0978,,26.6,38,
ambient,17,4,19,86,6,86.6,1719,0.0384,0.1798,0.2304,,14.1,29.5,
ambient,17,4,20,172,6,172.6,1720,0.0200,0.0855,0.1767,,11,20.1,
ambient,18,1,1,154,5,154.5,1801,0.3271,0.2104,,,10.9,,not flowering
ambient,18,1,2,212121,4,bd21.4,1802,0.0175,0.0944,0.1608,,10,20.7,
ambient,18,1,3,128,6,128.6,1803,0.7563,0.6534,,,19.5,,not flowering
ambient,18,1,4,171,4,171.4,1804,0.0169,0.1217,0.2550,,10,21.1,
ambient,18,1,5,16,5,16.5,1805,0.0580,0.3536,0.4937,,15.6,32.2,
ambient,18,2,6,57,5,57.5,1806,0.1410,0.5046,0.3836,,27,41.3,
ambient,18,2,7,132,6,132.6,1807,0.8327,0.9508,0.1669,,24.1,32.7,
ambient,18,2,8,130,4,130.4,1808,0.4811,0.2930,,,8,,not flowering
ambient,18,2,9,17,4,17.4,1809,0.0078,0.0876,0.1933,,11.7,22,
ambient,18,2,10,124,4,124.4,1810,0.2792,0.4243,0.0394,,23,31.1,
ambient,18,3,11,11,5,11.5,1811,0.0527,0.3052,0.3707,,12.5,31.8,
ambient,18,3,12,127,4,127.4,1812,0.0401,0.2363,0.4459,,12,25,
ambient,18,3,13,80,6,80.6,1813,0.0053,0.0600,0.1694,,7,16.9,
ambient,18,3,14,23,6,23.6,1814,0.0328,0.3548,0.7584,,11,23.5,
ambient,18,3,15,3,4,3.4,1815,0.1526,0.6689,0.5861,,19.7,39,
ambient,18,4,16,183,6,183.6,1816,0.2078,0.4264,0.2329,,25.5,41.3,
ambient,18,4,17,153,6,153.6,1817,0.0123,0.0723,0.1255,,9,21.1,
ambient,18,4,18,19,5,19.5,1818,0.0264,0.1984,0.3445,,12.2,24.5,
ambient,18,4,19,182,6,182.6,1819,,,,,,,
ambient,18,4,20,60,4,60.4,1820,0.0124,0.1140,0.2219,,11,21.5,
ambient,19,1,1,165,4,165.4,1901,0.0093,0.0306,0.0902,,7.5,17.2,
ambient,19,1,2,10,6,10.6,1902,0.0748,0.2695,0.4353,,12,23.9,
ambient,19,1,3,10,4,10.4,1903,0.0126,0.0470,0.0948,,9,21.5,
ambient,19,1,4,29,5,29.5,1904,0.0543,0.2850,0.4920,,10.6,28.9,
ambient,19,1,5,166,4,166.4,1905,0.0627,0.1930,0.3543,,13.2,22.1,
ambient,19,2,6,138,6,138.6,1906,0.0342,0.2992,0.4978,,11.5,26.5,
ambient,19,2,7,90,6,90.6,1907,0.0587,0.2323,0.4339,,9.2,20.2,
ambient,19,2,8,90,4,90.4,1908,0.6066,0.8386,0.2172,,21.9,33.3,
ambient,19,2,9,86,5,86.5,1909,0.0173,0.0984,0.1837,,12,24,
ambient,19,2,10,32,6,32.6,1910,0.0172,0.1218,0.1834,,10,21.5,
ambient,19,3,11,165,6,165.6,1911,0.0912,0.4519,0.5392,,17.5,34,
ambient,19,3,12,111,4,111.4,1912,0.0246,0.1975,0.3345,,9,22.7,
ambient,19,3,13,70,4,70.4,1913,0.4172,0.8119,0.4424,,20.5,29.9,
ambient,19,3,14,76,6,76.6,1914,0.8792,0.6603,,,11.5,,not flowering
ambient,19,3,15,103,4,103.4,1915,0.4846,0.7328,0.3995,,22,36.4,
ambient,19,4,16,13,6,13.6,1916,0.0250,0.2107,0.3789,,12.8,22.3,
ambient,19,4,17,70,5,70.5,1917,0.0964,0.5432,0.8280,,14,27.8,
ambient,19,4,18,51,6,51.6,1918,0.0417,0.2585,0.4712,,12,22.7,
ambient,19,4,19,62,5,62.5,1919,0.2758,0.6509,0.3279,,23.5,41.1,
ambient,19,4,20,121,5,121.5,1920,0.4762,0.4958, ,,14,,not flowering
ambient,20,1,1,173,4,173.4,2001,0.2356,0.3178,,,12,,not flowering
ambient,20,1,2,1,6,1.6,2002,0.0071,0.0797,0.1357,,9.1,19.5,
ambient,20,1,3,123,6,123.6,2003,0.0440,0.2185,0.2990,,13.1,24.6,
ambient,20,1,4,53,6,53.6,2004,0.0060,0.0762,0.1906,,8,19.1,
ambient,20,1,5,33333,5,bd3-1.5,2005,,,,,,,
ambient,20,2,6,173,6,173.6,2006,0.0525,0.2990,0.5125,,11,20.8,
ambient,20,2,7,35,5,35.5,2007,,,,,,,
ambient,20,2,8,31,5,31.5,2008,0.0215,0.1319,0.2618,,12.4,22.6,
ambient,20,2,9,66,5,66.5,2009,0.0414,0.2848,0.4706,,11,28.8,
ambient,20,2,10,69,5,69.5,2010,0.1097,0.1002,,,10.1,,not flowering
ambient,20,3,11,119,6,119.6,2011,0.1029,0.3548,0.5879,,14.1,27.8,
ambient,20,3,12,36,5,36.5,2012,0.1960,0.0904,,,7.4,,not flowering
ambient,20,3,13,126,6,126.6,2013,0.1101,0.5886,0.9066,,12.8,28.5,
ambient,20,3,14,157,5,157.5,2014,0.8608,0.8026,,,20.4,,not flowering
ambient,20,3,15,88,6,88.6,2015,0.3689,1.0238,0.7197,,23.5,39,
ambient,20,4,16,118,6,118.6,2016,0.0147,0.1175,0.1557,,11.3,25.3,
ambient,20,4,17,109,6,109.6,2017,,,,,,,
ambient,20,4,18,17,5,17.5,2018,0.0177,0.1426,0.2343,,15.9,31.1,
ambient,20,4,19,22,4,22.4,2019,0.0152,0.1509,0.2872,,10.1,22.5,
ambient,20,4,20,118,5,118.5,2020,0.0068,0.0857,0.1772,,9.9,19.6,
ambient,21,1,1,72,4,72.4,2101,0.2039,0.3135,0.1583,,24.3,39.4,
ambient,21,1,2,43,5,43.5,2102,0.0450,0.1499,0.1904,,11,24.1,
ambient,21,1,3,96,5,96.5,2103,0.5075,0.4353,,,17.7,21.1,flowering 21/1/16
ambient,21,1,4,130,5,130.5,2104,0.7133,0.3129,,,6.4,,not flowering
ambient,21,1,5,83,4,83.4,2105,0.0240,0.1549,0.2311,,14.2,22.4,
ambient,21,2,6,132,5,132.5,2106,0.6679,0.4903,,,11.1,,not flowering
ambient,21,2,7,100,5,100.5,2107,0.2524,0.4513,0.2848,,18.7,36.2,
ambient,21,2,8,55,4,55.4,2108,0.0125,0.0746,0.1477,,10.2,19.1,
ambient,21,2,9,183,5,183.5,2109,,,,,,,
ambient,21,2,10,182,5,182.5,2110,0.5363,0.3700,,,10.3,,not flowering
ambient,21,3,11,108,5,108.5,2111,0.0150,0.1244,0.1923,,11.2,22.4,
ambient,21,3,12,168,5,168.5,2112,0.0335,0.2204,0.3871,,14.7,28.5,
ambient,21,3,13,129,5,129.5,2113,0.2881,0.5942,0.3682,,20.9,36.4,
ambient,21,3,14,124,5,124.5,2114,0.0267,0.2062,0.3290,,13.4,31.4,
ambient,21,3,15,212121,5,bd21.5,2115,0.0331,0.2308,0.3779,,10.6,24.4,
ambient,21,4,16,15,6,15.6,2116,0.0236,0.1584,0.2939,,12.4,26.1,
ambient,21,4,17,37,5,37.5,2117,0.0745,0.3182,0.5169,,16.8,37.1,
ambient,21,4,18,9,4,9.4,2118,0.5541,0.5110,0.0165,,22.6,25,
ambient,21,4,19,169,5,169.5,2119,0.3835,0.5190,0.1327,,18.4,27.5,
ambient,21,4,20,54,6,54.6,2120,0.3271,0.2910,,,9.3,,not flowering
ambient,22,1,1,37,4,37.4,2201,0.0469,0.1660,0.2190,,13.1,29.5,
ambient,22,1,2,36,4,36.4,2202,1.0755,,,corn,,,
ambient,22,1,3,78,6,78.6,2203,0.0439,0.2205,0.2298,,17.5,33.4,
ambient,22,1,4,126,4,126.4,2204,0.0318,0.2171,0.4646,,10,23,
ambient,22,1,5,15,5,15.5,2205,0.2040,0.2725,0.1771,,13.5,21.3,
ambient,22,2,6,173,5,173.5,2206,0.7111,0.6990,,,17.2,,not flowering
ambient,22,2,7,5,6,5.6,2207,0.2565,0.3229,0.0560,,23.5,32.6,
ambient,22,2,8,71,6,71.6,2208,0.4905,0.8541,0.3375,,21.5,41.5,
ambient,22,2,9,54,5,54.5,2209,0.4904,0.5230,0.0242,,21.6,27.1,
ambient,22,2,10,121,6,121.6,2210,0.0241,0.1581,0.2920,,10.9,22.1,
ambient,22,3,11,33333,6,bd3-1.6,2211,0.4793,0.3852,0.0125,,18.1,24.6,flowering 21/1/16
ambient,22,3,12,123,5,123.5,2212,0.0466,0.2725,0.4546,,13.6,26,
ambient,22,3,13,158,6,158.6,2213,,,,,,,
ambient,22,3,14,83,5,83.5,2214,0.0612,0.2492,0.4130,,13,26.3,
ambient,22,3,15,72,5,72.5,2215,0.0091,0.0589,0.1487,,10.6,16.7,
ambient,22,4,16,149,4,149.4,2216,,,,,,,
ambient,22,4,17,79,4,79.4,2217,,,,,,,
ambient,22,4,18,9,6,9.6,2218,0.2119,0.6623,0.5320,,26.5,41.5,
ambient,22,4,19,119,5,119.5,2219,0.4102,0.9451,0.4526,,26.6,42.8,
ambient,22,4,20,94,4,94.4,2220,0.0213,0.1019,0.2112,,14.4,20.1,
ambient,23,1,1,155,5,155.5,2301,0.3968,0.2194,,,10,,not flowering
ambient,23,1,2,104,5,104.5,2302,0.0094,0.0808,0.1815,,8.5,17,
ambient,23,1,3,172,5,172.5,2303,0.0122,0.0542,0.1298,,9.4,19.6,
ambient,23,1,4,55,6,55.6,2304,0.1108,0.7161,0.9352,,17.6,35.5,
ambient,23,1,5,136,5,136.5,2305,0.2189,0.5018,0.3305,,22.5,36.1,
ambient,23,1,21,2,5,2.5,2321,,,,,9.9,17.1,
ambient,23,2,6,140,5,140.5,2306,0.0050,0.0320,0.1034,,21.4,36,
ambient,23,2,7,29,4,29.4,2307,0.1494,0.3609,0.3080,,28.4,38.1,
ambient,23,2,8,28,5,28.5,2308,1.1573,1.3457,0.4118,,15.5,,not flowering
ambient,23,2,9,139,6,139.6,2309,0.8743,0.5858,,,10,19.2,
ambient,23,2,10,139,4,139.4,2310,0.0088,0.0704,0.1452,,8.1,15.2,
ambient,23,3,11,7,5,7.5,2311,0.0090,0.0478,0.1235,,40,47.4,flowering 21/1/16
ambient,23,3,12,89,5,89.5,2312,0.9336,1.0387,0.0237,,17.5,38,
ambient,23,3,13,147,6,147.6,2313,0.0635,0.4060,0.4631,,12.6,23.4,
ambient,23,3,14,44,4,44.4,2314,0.0347,0.1709,0.3197,,12,23,
ambient,23,3,15,156,4,156.4,2315,0.0329,0.1520,0.2608,,,,
ambient,23,4,16,142,4,142.4,2316,1.7464,,,corn,14.5,36,
ambient,23,4,17,113,5,113.5,2317,0.0330,0.1823,0.2958,,12.5,26.3,
ambient,23,4,18,137,6,137.6,2318,0.0206,0.1531,0.3661,,28.5,41.6,
ambient,23,4,19,38,5,38.5,2319,0.4393,0.7199,0.2868,,15.6,30.7,
ambient,23,4,20,27,4,27.4,2320,0.0484,0.2358,0.3659,,,,
elevated,24,1,1,11,7,11.7,2401,,,,,,,
elevated,24,1,2,78,8,78.8,2402,0.0094,0.0889,0.2131,,9,18.5,
elevated,24,1,3,16,9,16.9,2403,0.0443,0.3883,0.6534,,14,29.5,
elevated,24,1,4,150,8,150.8,2404,0.0256,0.1909,0.3063,,12.5,22,
elevated,24,1,5,57,7,57.7,2405,0.0060,0.0525,0.1341,,7.8,15.5,
elevated,24,2,6,35,7,35.7,2406,,,,,,,
elevated,24,2,7,71,8,71.8,2407,0.0884,0.5693,0.7794,,13.5,30,
elevated,24,2,8,60,8,60.8,2408,0.0541,0.4933,0.6645,,16.4,32.1,
elevated,24,2,9,106,8,106.8,2409,0.2121,0.6923,0.5465,,20.1,36.1,
elevated,24,2,10,101,9,101.9,2410,,,,,,,
elevated,24,3,11,154,9,154.9,2411,,,,,,,
elevated,24,3,12,158,8,158.8,2412,0.0722,0.3503,0.5421,,12,23.5,
elevated,24,3,13,149,7,149.7,2413,0.2348,0.9281,0.8700,,20.3,37.5,
elevated,24,3,14,181,9,181.9,2414,0.0164,0.1659,0.2351,,13.4,27.1,
elevated,24,3,15,97,9,97.9,2415,0.1039,0.6840,0.7964,,18.6,36.6,
elevated,24,4,16,94,9,94.9,2416,0.0120,0.0750,0.1620,,12.1,18.4,
elevated,24,4,17,79,8,79.8,2417,0.2253,0.4805,0.2627,,20.2,40,
elevated,24,4,18,19,9,19.9,2418,0.0842,0.5167,0.4771,,21.6,37.5,
elevated,24,4,19,164,8,164.8,2419,0.2230,0.6176,0.5108,,25,42,
elevated,24,4,20,21,9,21.9,2420,0.0782,0.4092,0.3480,,22,36,
elevated,25,1,1,38,8,38.8,2501,0.0099,0.0840,0.2296,,7.5,17,
elevated,25,1,2,136,8,136.8,2502,0.0949,0.4391,0.4788,,15.3,32.5,
elevated,25,1,3,130,8,130.8,2503,0.0860,0.2589,0.2822,,14.5,29.5,
elevated,25,1,4,124,8,124.8,2504,0.0239,0.1384,0.2221,,11,27.1,
elevated,25,1,5,212121,12,bd21.12,2505,0.0087,0.0585,0.1689,,8.5,16.6,
elevated,25,2,6,66,8,66.8,2506,1.7909,,,corn,,,corn
elevated,25,2,7,55,9,55.9,2507,0.0252,0.2559,0.4549,,8.5,22.2,
elevated,25,2,8,132,8,132.8,2508,0.0142,0.1379,0.2295,,10,22.5,
elevated,25,2,9,182,8,182.8,2509,0.1408,0.4781,0.5029,,16.2,31.2,
elevated,25,2,10,212121,8,bd21.8,2510,0.0185,0.1563,0.3300,,10,19.2,
elevated,25,3,11,108,8,108.8,2511,0.0452,0.2466,0.3766,,13.4,23.1,
elevated,25,3,12,169,8,169.8,2512,0.0191,0.1120,0.2681,,6,18.8,
elevated,25,3,13,129,9,129.9,2513,0.1805,0.5672,0.5069,,18.5,35.7,
elevated,25,3,14,43,7,43.7,2514,0.0325,0.2786,0.4138,,13.8,30.5,
elevated,25,3,15,183,8,183.8,2515,0.0172,0.1505,0.2479,,7,19.5,
elevated,25,4,16,140,8,140.8,2516,0.0073,0.0371,0.1528,,6,14.8,
elevated,25,4,17,113,8,113.8,2517,0.3902,0.6966,0.4322,,27.5,47.5,
elevated,25,4,18,168,7,168.7,2518,0.0342,0.2343,0.4582,,13.9,29.2,
elevated,25,4,19,100,7,100.7,2519,0.1672,0.6704,0.6428,,22.5,43.4,
elevated,25,4,20,64,9,64.9,2520,0.0076,0.0557,0.1406,,8.5,17,
elevated,26,1,1,127,8,127.8,2601,0.0110,0.0997,0.2827,,7,18,
elevated,26,1,2,181,8,181.8,2602,0.0099,0.1227,0.2855,,11.4,21.5,
elevated,26,1,3,37,7,37.7,2603,0.0765,0.3569,0.3947,,14,33.6,
elevated,26,1,4,31,8,31.8,2604,0.0128,0.1774,0.3285,,9.1,21.8,
elevated,26,1,5,9,8,9.8,2605,0.0058,0.0548,0.1455,,7,17,
elevated,26,2,6,150,7,150.7,2606,0.3716,0.4670,0.1608,,21.2,33.6,
elevated,26,2,7,106,7,106.7,2607,,,,,,,
elevated,26,2,8,164,7,164.7,2608,,,,,,,
elevated,26,2,9,147,9,147.9,2609,0.0252,0.2768,0.3681,,16.5,32,
elevated,26,2,10,83,8,83.8,2610,0.0160,0.0968,0.2072,,7.5,19.6,
elevated,26,3,11,153,8,153.8,2611,0.0105,0.1482,0.2601,,8.6,19.5,
elevated,26,3,12,73,7,73.7,2612,0.0709,0.4306,0.5019,,17.4,39.2,
elevated,26,3,13,77,7,77.7,2613,0.2873,0.5580,0.3012,,23,39.5,
elevated,26,3,14,101,8,101.8,2614,0.0768,0.4685,0.5046,,15.5,34.1,
elevated,26,3,15,97,8,97.8,2615,0.0028,0.0230,0.0650,,7.5,14.5,
elevated,26,4,16,171,8,171.8,2616,0.0125,0.1541,0.3206,,8.5,20.5,
elevated,26,4,17,80,8,80.8,2617,0.0083,0.1257,0.3015,,5.6,16.3,
elevated,26,4,18,3,8,3.8,2618,0.0930,0.6856,0.8099,,13.6,29.1,
elevated,26,4,19,118,7,118.7,2619,0.4464,0.6485,0.0869,,22.7,34.5,
elevated,26,4,20,28,9,28.9,2620,0.5811,0.3907,,,11.5,,not flowering
elevated,27,1,1,44,9,44.9,2701,,,,,,,
elevated,27,1,2,137,8,137.8,2702,0.0409,0.3125,0.4469,,12.5,26.8,
elevated,27,1,3,89,1,89.1,2703,0.3642,0.6489,0.1393,,22.3,33.5,
elevated,27,1,4,104,9,104.9,2704,0.0129,0.0688,0.1878,,7.6,17.1,
elevated,27,1,5,95,9,95.9,2705,,,,,,,
elevated,27,2,6,163,9,163.9,2706,0.0492,0.2165,0.3382,,15.4,23,
elevated,27,2,7,139,7,139.7,2707,0.0674,0.4163,0.6425,,12,27.5,
elevated,27,2,8,107,8,107.8,2708,0.1627,0.5353,0.3824,,20.8,33.6,
elevated,27,2,9,29,9,29.9,2709,0.0480,0.2253,0.4601,,13.7,27.1,
elevated,27,2,10,155,8,155.8,2710,0.0479,0.2433,0.4223,,13.2,28,
elevated,27,3,11,156,9,156.9,2711,0.0167,0.0971,0.1969,,12.1,21.5,
elevated,27,3,12,10,7,10.7,2712,0.1028,0.4939,0.6648,,17.5,38,
elevated,27,3,13,166,9,166.9,2713,0.3850,0.7522,0.4334,,22,40.5,
elevated,27,3,14,172,8,172.8,2714,0.0540,0.3189,0.4290,,16.2,29.2,
elevated,27,3,15,7,8,7.8,2715,0.0060,0.0559,0.1939,,6.4,18.8,
elevated,27,4,16,176,7,176.7,2716,0.0925,0.4628,0.5887,,13.1,27.5,
elevated,27,4,17,103,9,103.9,2717,0.0569,0.1584,0.2021,,11.6,21.4,
elevated,27,4,18,122,8,122.8,2718,0.0654,0.3713,0.4694,,19.1,33.6,
elevated,27,4,19,90,9,90.9,2719,0.0217,0.1313,0.3119,,9.3,19.2,
elevated,27,4,20,69,7,69.7,2720,0.2147,0.2793,0.0792,,17.9,26.4,
elevated,28,1,1,8,7,8.7,2801,0.0116,0.0725,0.1503,,10,20.5,
elevated,28,1,2,4,9,4.9,2802,0.0045,0.0589,0.1613,,6.6,17,
elevated,28,1,3,91,7,91.7,2803,0.0074,0.0846,0.2050,,6,17,
elevated,28,1,4,1,8,1.8,2804,0.0179,0.1708,0.2549,,8.4,21.2,
elevated,28,1,5,98,8,98.8,2805,0.0065,0.0775,0.2538,,7.1,21,
elevated,28,2,6,34,7,34.7,2806,0.0204,0.1215,0.3218,,6.6,19.2,
elevated,28,2,7,17,8,17.8,2807,0.0025,0.0369,0.1508,,7.6,15.1,
elevated,28,2,8,53,8,53.8,2808,0.0049,0.0819,0.2677,,9.6,18.1,
elevated,28,2,9,22,8,22.8,2809,0.0118,0.1149,0.3215,,8.7,21,
elevated,28,2,10,68,7,68.7,2810,0.0415,0.3390,0.5240,,13.1,26.9,
elevated,28,3,11,6,9,6.9,2811,,,,,,,
elevated,28,3,12,5,8,5.8,2812,0.0160,0.1226,0.2957,,7.4,20.8,
elevated,28,3,13,82,8,82.8,2813,,,,,,,
elevated,28,3,14,49,7,49.7,2814,0.0336,0.3105,0.5866,,14.6,29.2,
elevated,28,3,15,48,7,48.7,2815,0.0952,0.6099,0.7942,,18,37.7,
elevated,28,4,16,50,7,50.7,2816,0.0239,0.1426,0.2543,,8.7,22.4,
elevated,28,4,17,88,7,88.7,2817,0.0636,0.4248,0.5746,,10.9,28.2,
elevated,28,4,18,31,7,31.7,2818,,,,,,,
elevated,28,4,19,162,7,162.7,2819,0.0502,0.2042,0.2495,,7.5,20,
elevated,28,4,20,83,7,83.7,2820,0.0693,0.2523,0.2758,,16,28.3,
elevated,29,1,1,122,9,122.9,2901,0.0384,0.1840,0.2280,,14.6,32,
elevated,29,1,2,147,8,147.8,2902,0.0751,0.4355,0.5261,,18,38,
elevated,29,1,3,107,9,107.9,2903,0.1309,0.3943,0.2992,,23,34.1,
elevated,29,1,4,37,8,37.8,2904,0.0485,0.2680,0.3630,,17.5,37.1,
elevated,29,1,5,144,8,144.8,2905,0.1402,0.4598,0.5759,,20.5,36.2,
elevated,29,2,6,77,8,77.8,2906,0.0351,0.1758,0.2523,,12.3,25.5,
elevated,29,2,7,176,8,176.8,2907,0.0806,0.5879,0.8168,,14.6,28.2,
elevated,29,2,8,143,8,143.8,2908,0.0238,0.1881,0.2757,,12.1,26,
elevated,29,2,9,36,8,36.8,2909,0.1152,0.3273,0.2893,,17.9,35.6,
elevated,29,2,10,163,7,163.7,2910,0.4829,0.3034,,,9.5,,not flowering
elevated,29,3,11,146,8,146.8,2911,0.0212,0.1332,0.2591,,9,19.9,
elevated,29,3,12,73,8,73.8,2912,0.3225,0.6642,0.4211,,29.1,42.2,
elevated,29,3,13,63,8,63.8,2913,0.1703,0.3432,0.2909,,14,37,
elevated,29,3,14,102,9,102.9,2914,0.0742,0.4375,0.6951,,13.6,29.1,
elevated,29,3,15,118,8,118.8,2915,0.0087,0.0730,0.1946,,7.4,17.7,
elevated,29,4,16,59,8,59.8,2916,0.1017,0.4013,0.3305,,20,33.2,
elevated,29,4,17,88,8,88.8,2917,0.0369,0.2348,0.3292,,11.4,22.6,
elevated,29,4,18,95,7,95.7,2918,0.0684,0.2825,0.2467,,19.7,39.1,
elevated,29,4,19,56,8,56.8,2919,0.0525,0.2582,0.3544,,13.1,30.2,
elevated,29,4,20,33333,8,bd3-1.8,2920,0.0229,0.0831,0.1842,,8.2,19.1,
elevated,30,1,1,35,9,35.9,3001,0.3380,0.3767,0.1289,,16,35,
elevated,30,1,2,8,8,8.8,3002,0.0058,0.0399,0.1024,,11.6,19.1,
elevated,30,1,3,33,7,33.7,3003,,,,corn,,,
elevated,30,1,4,92,7,92.7,3004,0.1205,0.8585,0.8450,,19.9,38.2,
elevated,30,1,5,116,7,116.7,3005,0.0268,0.2124,0.3372,,13.6,27.5,
elevated,30,2,6,15,8,15.8,3006,0.0105,0.0938,0.2246,,9.1,18,
elevated,30,2,7,4,8,4.8,3007,0.0038,0.0335,0.1086,,6.1,16.2,
elevated,30,2,8,112,7,112.7,3008,0.0478,0.3261,0.5067,,14.4,31.5,
elevated,30,2,9,72,8,72.8,3009,0.0268,0.2454,0.3460,,11.7,25.3,
elevated,30,2,10,16,8,16.8,3010,0.7507,0.8601,0.0535,,30.9,39,
elevated,30,3,11,173,7,173.7,3011,0.1871,0.9435,0.6035,,21.8,37.3,
elevated,30,3,12,9,7,9.7,3012,0.0325,0.2310,0.0464,,8.3,16,
elevated,30,3,13,91,9,91.9,3013,0.0226,0.1402,0.2433,,12,23.2,
elevated,30,3,14,54,8,54.8,3014,0.0345,0.2514,0.3639,,12,26.7,
elevated,30,3,15,5,9,5.9,3015,0.0425,0.0315,,,5.5,,not flowering
elevated,30,4,16,70,9,70.9,3016,0.0180,0.0731,0.1603,,8.2,20.5,
elevated,30,4,17,33333,12,bd3-1.12,3017,0.1109,0.4974,0.4271,,27.1,49.3,
elevated,30,4,18,96,9,96.9,3018,0.1541,0.2420,,,7.8,,not flowering
elevated,30,4,19,123,9,123.9,3019,0.0099,0.1042,0.1931,,10.8,19.2,
elevated,30,4,20,96,7,96.7,3020,0.0465,0.0385,0.0099,,14.5,19.8,
elevated,31,1,1,147,7,147.7,3101,0.0409,0.3492,0.4980,,15,30.2,
elevated,31,1,2,32,9,32.9,3102,0.0213,0.1496,0.3583,,6.2,18.1,
elevated,31,1,3,138,9,138.9,3103,0.0175,0.0926,0.2378,,7.5,16.1,
elevated,31,1,4,157,9,157.9,3104,0.7757,0.7560,0.0084,,18.6,19.7,flowering 21/1/16
elevated,31,1,5,125,9,125.9,3105,0.1314,0.5259,0.3850,,23.8,39.3,
elevated,31,2,6,42,9,42.9,3106,0.0275,0.2208,0.4136,,8.1,21,
elevated,31,2,7,131,9,131.9,3107,0.0056,0.0363,0.1257,,9.2,16.6,
elevated,31,2,8,131,7,131.7,3108,0.0221,0.1908,0.4406,,11.1,26.3,
elevated,31,2,9,126,9,126.9,3109,0.0651,0.3881,0.5828,,3,28.2,
elevated,31,2,10,111,9,111.9,3110,0.0181,0.1819,0.4592,,8,21.2,
elevated,31,3,11,76,7,76.7,3111,0.0587,0.3626,0.6794,,11.6,26.2,
elevated,31,3,12,13,9,13.9,3112,0.0094,0.1641,0.3559,,6,21,
elevated,31,3,13,47,7,47.7,3113,0.6064,0.2829,,,9.5,,not flowering
elevated,31,3,14,51,7,51.7,3114,0.0194,0.1189,0.3270,,8.2,17.3,
elevated,31,3,15,160,8,160.8,3115,0.0303,0.2732,0.4539,,11.4,25.6,
elevated,31,4,16,37,9,37.9,3116,0.0704,0.1562,0.1043,,13,27.9,
elevated,31,4,17,36,9,36.9,3117,0.5642,0.4510,,,8.5,,not flowering
elevated,31,4,18,118,9,118.9,3118,0.0355,0.2311,0.4661,,7,23.2,
elevated,31,4,19,77,9,77.9,3119,0.0390,0.2920,0.3766,,17.5,35.8,
elevated,31,4,20,73,9,73.9,3120,,,,,,,
elevated,32,1,1,171,7,171.7,3201,0.0256,0.1311,0.3045,,9,18.9,
elevated,32,1,2,127,7,127.7,3202,0.0224,0.2152,0.4782,,9,20.1,
elevated,32,1,3,142,7,142.7,3203,0.3160,0.7665,0.5469,,22,35.5,
elevated,32,1,4,18,7,18.7,3204,0.0546,0.3983,0.5911,,11.9,28.4,
elevated,32,1,5,84,7,84.7,3205,0.0436,0.2480,0.3749,,10.3,24.8,
elevated,32,2,6,12,9,12.9,3206,0.0101,0.0475,0.1770,,7.4,15.8,
elevated,32,2,7,61,7,61.7,3207,0.0849,0.6254,0.7125,,18.8,34.2,
elevated,32,2,8,27,8,27.8,3208,0.0540,0.3325,0.5328,,13,29,
elevated,32,2,9,20,9,20.9,3209,0.0076,0.0674,0.2323,,7.5,15.6,
elevated,32,2,10,58,8,58.8,3210,0.0138,0.0848,0.2585,,8,18.7,
elevated,32,3,11,115,9,115.9,3211,0.0156,0.0939,0.2348,,7.3,19.2,
elevated,32,3,12,153,7,153.7,3212,0.0267,0.1446,0.2191,,10.2,20.2,
elevated,32,3,13,92,9,92.9,3213,0.0295,0.2332,0.3919,,15,28,
elevated,32,3,14,92,8,92.8,3214,0.0240,0.1900,0.4370,,8.5,21.2,
elevated,32,3,15,3,9,3.9,3215,0.0270,0.2260,0.5346,,7,22.1,
elevated,32,4,16,2,7,2.7,3216,0.0047,0.0322,0.1197,,5,12.9,
elevated,32,4,17,115,7,115.7,3217,0.0166,0.1290,0.3080,,8.5,19.1,
elevated,32,4,18,116,9,116.9,3218,0.0326,0.2200,0.4301,,9,23.2,
elevated,32,4,19,12,7,12.7,3219,0.0126,0.0943,0.3087,,8.5,17.2,
elevated,32,4,20,80,7,80.7,3220,0.0142,0.0719,0.2307,,5.6,15.2,
elevated,33,1,1,140,9,140.9,3301,0.0045,0.0242,0.0888,,7,17,
elevated,33,1,2,113,7,113.7,3302,0.4767,1.1704,0.7189,,26.7,41.8,
elevated,33,1,3,38,7,38.7,3303,0.2272,0.8266,0.7712,,7.8,29.5,
elevated,33,1,4,212121,9,bd21.9,3304,0.0164,0.1288,0.2745,,10.8,22.4,
elevated,33,1,5,182,7,182.7,3305,0.0288,0.1535,0.1824,,13.5,24.9,
elevated,33,2,6,155,9,155.9,3306,0.1004,0.4095,0.6659,,14.2,26,
elevated,33,2,7,160,9,160.9,3307,0.0132,0.1043,0.2549,,13.5,20.6,
elevated,33,2,8,7,7,7.7,3308,0.0152,0.1360,0.2748,,9.8,23.1,
elevated,33,2,9,130,7,130.7,3309,0.0242,0.1352,0.3530,,6.7,18.9,
elevated,33,2,10,132,7,132.7,3310,0.0722,0.3899,0.4585,,17.4,31.5,
elevated,33,3,11,47,9,47.9,3311,0.0176,0.1341,0.3275,,9.6,19.6,
elevated,33,3,12,139,9,139.9,3312,0.1271,0.6250,0.8874,,16.5,37,
elevated,33,3,13,10,8,10.8,3313,0.0335,0.1689,0.2762,,13.4,22.8,
elevated,33,3,14,103,8,103.8,3314,0.0272,0.1560,0.3636,,9.2,20.3,
elevated,33,3,15,90,8,90.8,3315,0.0220,0.1494,0.3343,,8,22.1,
elevated,33,4,16,125,7,125.7,3316,0.1614,0.6020,0.3749,,22.5,38.7,
elevated,33,4,17,42,7,42.7,3317,0.0882,0.3923,0.6150,,17.5,30,
elevated,33,4,18,170,7,170.7,3318,0.2781,0.4273,0.1448,,18.9,29.1,
elevated,33,4,19,170,9,170.9,3319,0.1471,0.5668,0.6467,,18.4,37,
elevated,33,4,20,166,7,166.7,3320,0.3058,0.7844,0.4263,,25.4,38.4,
elevated,34,1,1,17,9,17.9,3401,0.0205,0.1382,0.2059,,10.2,20.2,
elevated,34,1,2,98,7,98.7,3402,0.0090,0.0506,0.1649,,7,17,
elevated,34,1,3,44,8,44.8,3403,0.0414,0.3239,0.4805,,13.1,29.9,
elevated,34,1,4,109,8,109.8,3404,0.0160,0.1650,0.3348,,8.4,23,
elevated,34,1,5,156,8,156.8,3405,0.0294,0.2072,0.2775,,11.9,24.4,
elevated,34,2,6,76,9,76.9,3406,0.0328,0.2400,0.5203,,7,20,
elevated,34,2,7,25,9,25.9,3407,0.0081,0.0578,0.2218,,9.6,17,
elevated,34,2,8,1,9,1.9,3408,0.0396,0.3154,0.4312,,13.1,27.9,
elevated,34,2,9,51,8,51.8,3409,0.0246,0.1784,0.4107,,9,20.6,
elevated,34,2,10,104,8,104.8,3410,0.0789,0.3948,0.5713,,14,26.3,
elevated,34,3,11,23,9,23.9,3411,0.0245,0.1608,0.4059,,7.1,17.8,
elevated,34,3,12,138,7,138.7,3412,0.0537,0.4919,0.7128,,10.9,25.2,
elevated,34,3,13,53,9,53.9,3413,0.0358,0.2926,0.8946,,6.3,20.1,
elevated,34,3,14,22,7,22.7,3414,0.0168,0.1088,0.2350,,8,17.6,
elevated,34,3,15,89,8,89.8,3415,0.1193,0.6573,0.5024,,18.1,36.4,
elevated,34,4,16,13,7,13.7,3416,0.0148,0.1035,0.2860,,5.4,14.1,
elevated,34,4,17,111,7,111.7,3417,0.0110,0.0706,0.1811,,7.5,18.5,
elevated,34,4,18,153,9,153.9,3418,,,,,,,
elevated,34,4,19,32,7,32.7,3419,0.0159,0.1017,0.2627,,8.4,17.4,
elevated,34,4,20,29,8,29.8,3420,0.0082,0.0448,0.1357,,7.6,15.5,
elevated,35,1,1,23,7,23.7,3501,0.0109,0.1108,0.2411,,6.2,15.1,
elevated,35,1,2,62,9,62.9,3502,0.0359,0.2650,0.4863,,10.9,26,
elevated,35,1,3,121,7,121.7,3503,0.1811,0.7554,0.5774,,20.1,35,
elevated,35,1,4,81,9,81.9,3504,0.1108,0.6449,0.7754,,13.5,21.2,
elevated,35,1,5,26,9,26.9,3505,0.0375,0.2820,0.3643,,10.2,24.5,
elevated,35,2,6,20,7,20.7,3506,0.0252,0.1696,0.3154,,9.8,19.9,
elevated,35,2,7,61,9,61.9,3507,0.0136,0.1680,0.3377,,10,23.8,
elevated,35,2,8,84,8,84.8,3508,0.0313,0.1643,0.2128,,8,22.6,
elevated,35,2,9,86,7,86.7,3509,0.0182,0.1828,0.3204,,11.1,25.5,
elevated,35,2,10,58,9,58.9,3510,0.0209,0.1350,0.3084,,7.5,21.8,
elevated,35,3,11,33333,9,bd3-1.9,3511,,,,,,,
elevated,35,3,12,69,9,69.9,3512,0.4071,0.5431,0.1300,,15.5,29.2,
elevated,35,3,13,18,9,18.9,3513,0.0051,0.0357,0.1417,,7.6,16.5,
elevated,35,3,14,69,8,69.8,3514,0.0691,0.5836,0.6539,,14.8,35.5,
elevated,35,3,15,173,9,173.9,3515,0.0760,0.5758,0.6766,,13.7,31.5,
elevated,35,4,16,126,7,126.7,3516,0.0399,0.2586,0.4522,,11.1,24.2,
elevated,35,4,17,123,7,123.7,3517,0.1676,0.5168,0.4441,,17,33.1,
elevated,35,4,18,119,7,119.7,3518,0.0766,0.3481,0.4036,,16.1,33.9,
elevated,35,4,19,119,9,119.9,3519,0.0719,0.4708,0.5231,,17.8,35.9,
elevated,35,4,20,35,8,35.8,3520,0.0126,0.1043,0.1979,,9.5,21.9,
elevated,36,1,1,132,9,132.9,3601,0.3868,0.5264,0.2045,,14.9,27.6,
elevated,36,1,2,100,9,100.9,3602,0.0274,0.1596,0.2731,,11,22.4,
elevated,36,1,3,136,9,136.9,3603,0.1219,0.4716,0.5409,,16.1,31,
elevated,36,1,4,28,8,28.8,3604,0.9802,0.6300,0.0035,,13.3,,not flowering
elevated,36,1,5,43,9,43.9,3605,0.0269,0.1212,0.2079,,13,24.1,
elevated,36,2,6,16,7,16.7,3606,0.0410,0.3466,0.5463,,13.5,30.6,
elevated,36,2,7,140,7,140.7,3607,0.0154,0.0969,0.1891,,8.3,18.8,
elevated,36,2,8,7,9,7.9,3608,0.0082,0.0470,0.1489,,8.5,16.9,
elevated,36,2,9,169,9,169.9,3609,0.4913,0.6607,0.2127,,17.2,29.6,
elevated,36,2,10,155,7,155.7,3610,0.0505,0.2679,0.4733,,14.4,26.6,
elevated,36,3,11,48,8,48.8,3611,0.5744,0.9318,0.6091,,24,35.5,
elevated,36,3,12,212121,7,bd21.7,3612,0.1039,0.5842,0.8222,,13,26.1,
elevated,36,3,13,168,9,168.9,3613,0.5818,0.9083,0.2912,,24.2,39,
elevated,36,3,14,124,9,124.9,3614,,,,,12.1,23.5,
elevated,36,3,15,182,9,182.9,3615,0.4500,0.7499,0.4825,,20,37,
elevated,36,4,16,183,7,183.7,3616,0.0226,0.1483,0.2474,,12.1,28,
elevated,36,4,17,129,7,129.7,3617,0.5883,0.5654,0.1348,,26.5,35.9,
elevated,36,4,18,130,9,130.9,3618,0.0379,0.2472,0.3628,,12.6,28.5,
elevated,36,4,19,124,7,124.7,3619,0.6133,0.7835,0.0071,,19.2,23,flowering 21/1/16
elevated,36,4,20,108,9,108.9,3620,0.1243,0.4166,0.3463,,21.4,34,
elevated,37,1,1,145,7,145.7,3701,0.0166,0.1751,0.3855,,13,26.2,
elevated,37,1,2,174,7,174.7,3702,0.0231,0.1568,0.4035,,11.9,23.3,
elevated,37,1,3,6,8,6.8,3703,0.0332,0.1958,0.3569,,13.5,26.8,
elevated,37,1,4,183,9,183.9,3704,0.0061,0.0464,0.1589,,6.9,14.7,
elevated,37,1,5,156,7,156.7,3705,0.0396,0.2843,0.4602,,11.9,28.1,
elevated,37,2,6,104,7,104.7,3706,0.0204,0.2290,0.4279,,11.6,24.8,
elevated,37,2,7,152,7,152.7,3707,0.0215,0.1800,0.3900,,11.1,26,
elevated,37,2,8,65,7,65.7,3708,0.0146,0.0968,0.2445,,7.4,19.1,
elevated,37,2,9,82,7,82.7,3709,0.0226,0.1157,0.1978,,8.8,25,
elevated,37,2,10,117,7,117.7,3710,0.0235,0.1593,0.4514,,8.5,21,
elevated,37,3,11,114,7,114.7,3711,0.3528,1.2335,0.8302,,29,47.2,
elevated,37,3,12,89,7,89.7,3712,0.8092,1.7735,0.5538,,38,54.3,
elevated,37,3,13,25,7,25.7,3713,0.0308,0.2909,0.4847,,12,28,
elevated,37,3,14,64,8,64.8,3714,0.0255,0.2142,0.4196,,10.8,23.4,
elevated,37,3,15,44,7,44.7,3715,0.0153,0.1284,0.2589,,10.1,21.8,
elevated,37,4,16,172,7,172.7,3716,0.0308,0.1855,0.3429,,10.5,23.5,
elevated,37,4,17,29,7,29.7,3717,0.0299,0.1932,0.3771,,9.9,24.2,
elevated,37,4,18,28,7,28.7,3718,1.0750,0.6198,,,9.5,,not flowering
elevated,37,4,19,27,7,27.7,3719,0.0401,0.3472,0.5855,,12.5,30.1,
elevated,37,4,20,86,9,86.9,3720,0.0360,0.2434,0.3008,,15.1,32.1,
elevated,38,1,1,117,9,117.9,3801,0.0217,0.1204,0.2877,,8.1,17.2,
elevated,38,1,2,34,8,34.8,3802,0.0619,0.3311,0.5016,,12.2,22,
elevated,38,1,3,174,9,174.9,3803,0.0123,0.1279,0.3065,,9.1,21,
elevated,38,1,4,112,9,112.9,3804,0.0152,0.1226,0.2801,,8.3,20.5,
elevated,38,1,5,162,8,162.8,3805,0.0439,0.3012,0.4063,,11.2,30.7,
elevated,38,2,6,68,8,68.8,3806,0.5490,1.4911,0.5116,,32.3,42.7,
elevated,38,2,7,3,7,3.7,3807,0.0258,0.2872,0.5393,,13.1,26,
elevated,38,2,8,50,8,50.8,3808,0.6498,0.7329,0.3735,,23.8,42.8,
elevated,38,2,9,33,9,33.9,3809,0.0261,0.1898,0.3937,,9.1,21.1,
elevated,38,2,10,2,9,2.9,3810,0.0068,0.0386,0.1594,,8.4,15.6,
elevated,38,3,11,152,9,152.9,3811,0.0331,0.0801,0.0565,,10.2,22,
elevated,38,3,12,171,9,171.9,3812,0.0194,0.1378,0.3339,,8,19.7,
elevated,38,3,13,80,9,80.9,3813,0.0097,0.1081,0.2894,,8.4,20.2,
elevated,38,3,14,127,9,127.9,3814,,,,,,,
elevated,38,3,15,65,8,65.8,3815,0.0197,0.1690,0.3734,,8.5,22,
elevated,38,4,16,48,9,48.9,3816,0.0999,0.5363,0.5598,,19.5,36,
elevated,38,4,17,114,9,114.9,3817,0.0171,0.1110,0.2874,,10.5,20.6,
elevated,38,4,18,49,8,49.8,3818,0.0410,0.3604,0.7273,,13.7,33.6,
elevated,38,4,19,145,9,145.9,3819,0.0085,0.0549,0.1196,,11,18.9,
elevated,38,4,20,157,7,157.7,3820,0.2896,0.4852,0.1871,,23.5,40,
elevated,39,1,1,5,7,5.7,3901,0.0091,0.0285,0.0752,,9,14.8,
elevated,39,1,2,136,7,136.7,3902,0.0254,0.1872,0.3567,,11,23.7,
elevated,39,1,3,172,9,172.9,3903,0.0344,0.1807,0.3269,,11.8,25.1,
elevated,39,1,4,70,7,70.7,3904,0.0306,0.2341,0.4035,,10.5,22.7,
elevated,39,1,5,165,9,165.9,3905,0.0200,0.1449,0.3250,,19.3,21.4,
elevated,39,2,6,4,7,4.7,3906,0.0169,0.1390,0.2672,,10.8,27.8,
elevated,39,2,7,113,9,113.9,3907,0.0921,0.5586,0.7236,,16.6,36.1,
elevated,39,2,8,166,8,166.8,3908,0.0732,0.5110,0.7476,,14.1,30.5,
elevated,39,2,9,139,8,139.8,3909,0.0618,0.4675,0.6728,,13.6,30.1,
elevated,39,2,10,165,8,165.8,3910,0.7862,0.6104,0.1395,,20.3,29.8,
elevated,39,3,11,38,9,38.9,3911,0.6216,1.0113,0.3309,,19.2,34,
elevated,39,3,12,165,7,165.7,3912,0.0125,0.0561,0.1866,,10.1,16.8,
elevated,39,3,13,10,9,10.9,3913,0.0488,0.2627,0.4299,,10.9,24.1,
elevated,39,3,14,6,7,6.7,3914,,,,,,,
elevated,39,3,15,8,9,8.9,3915,0.0050,0.0346,0.1108,,6.2,14.8,
elevated,39,4,16,82,9,82.9,3916,0.0022,0.0097,0.0352,,5.1,9.8,
elevated,39,4,17,91,8,91.8,3917,0.0063,0.0346,0.0891,,7.3,15.1,
elevated,39,4,18,103,7,103.7,3918,0.1988,0.6819,0.8099,,21.4,30,
elevated,39,4,19,137,7,137.7,3919,0.0161,0.1140,0.3083,,11.1,19.9,
elevated,39,4,20,142,9,142.9,3920,0.0978,0.4091,0.6166,,13.7,30.1,
elevated,40,1,1,60,9,60.9,4001,,,,,,,
elevated,40,1,2,59,7,59.7,4002,0.6178,0.3896,,,13.9,,not flowering
elevated,40,1,3,143,9,143.9,4003,0.0348,0.1691,0.2584,,10.9,23.1,
elevated,40,1,4,27,9,27.9,4004,0.0303,0.1831,0.3681,,7.5,22.2,
elevated,40,1,5,137,9,137.9,4005,0.0081,0.1022,0.2763,,8.3,19.4,
elevated,40,2,6,21,7,21.7,4006,,,,,,,
elevated,40,2,7,70,8,70.8,4007,0.0121,0.1242,0.2380,,9.4,23.9,
elevated,40,2,8,146,7,146.7,4008,0.0130,0.1291,0.3293,,6.9,19.7,
elevated,40,2,9,154,7,154.7,4009,0.1602,0.8943,1.0034,,19.1,39.7,
elevated,40,2,10,63,9,63.9,4010,0.1056,0.6772,0.8165,,19.6,38.9,
elevated,40,3,11,54,9,54.9,4011,0.0202,0.2129,0.3001,,15.1,30,
elevated,40,3,12,57,8,57.8,4012,0.1084,0.5323,0.4975,,21.3,40.2,
elevated,40,3,13,19,8,19.8,4013,0.0464,0.3312,0.4844,,12.5,30.1,
elevated,40,3,14,144,9,144.9,4014,0.0496,0.2541,0.4202,,11.1,28.4,
elevated,40,3,15,15,7,15.7,4015,0.0206,0.1130,0.2391,,7.9,17.2,
elevated,40,4,16,157,8,157.8,4016,0.5251,0.9279,0.3685,,34.3,46.1,
elevated,40,4,17,36,7,36.7,4017,0.3822,0.3270,0.0707,,15.2,25.2,
elevated,40,4,18,72,7,72.7,4018,0.0179,0.1261,0.2279,,9.5,20.5,
elevated,40,4,19,56,9,56.9,4019,0.0197,0.0988,0.2090,,11.4,23.2,
elevated,40,4,20,11,9,11.9,4020,,,,,,,
elevated,41,1,1,17,7,17.7,4101,0.0148,0.0883,0.2024,,7.6,20.5,
elevated,41,1,2,25,8,25.8,4102,0.0138,0.1057,0.2404,,13.6,19.4,
elevated,41,1,3,81,7,81.7,4103,0.7826,0.6052,,,14.5,,not flowering
elevated,41,1,4,146,9,146.9,4104,0.0671,0.3732,0.5513,,12.6,25.7,
elevated,41,1,5,62,7,62.7,4105,0.0475,0.2895,0.4230,,13.2,26.5,
elevated,41,2,6,99,7,99.7,4106,0.0405,0.2596,0.4689,,12.4,25.1,
elevated,41,2,7,109,9,109.9,4107,0.0205,0.1499,0.2925,,8.7,22.4,
elevated,41,2,8,56,7,56.7,4108,0.9133,1.2133,0.4160,,24.9,37.1,
elevated,41,2,9,143,7,143.7,4109,0.6882,0.9977,0.1443,,22.2,25.6,
elevated,41,2,10,144,7,144.7,4110,0.0136,0.0605,0.2308,,6.7,14.5,
elevated,41,3,11,64,7,64.7,4111,0.0275,0.2175,0.3519,,11.6,25.1,
elevated,41,3,12,109,7,109.7,4112,0.0190,0.2055,0.4329,,9.4,23.5,
elevated,41,3,13,98,9,98.9,4113,0.0152,0.1520,0.3156,,11.9,21.7,
elevated,41,3,14,121,9,121.9,4114,0.0248,0.1730,0.2981,,10.7,21.5,
elevated,41,3,15,1,7,1.7,4115,0.0262,0.1972,0.2103,,12.1,24.1,
elevated,41,4,16,128,7,128.7,4116,0.4401,0.4057,0.1137,,22.9,30.5,
elevated,41,4,17,22,9,22.9,4117,0.0128,0.1275,0.3194,,8.2,18.3,
elevated,41,4,18,26,7,26.7,4118,0.0655,0.4997,0.8065,,10.7,26.2,
elevated,41,4,19,53,7,53.7,4119,0.0217,0.1200,0.2658,,11.5,21,
elevated,41,4,20,55,8,55.8,4120,0.1115,0.4102,0.3139,,13.5,28.2,
elevated,42,1,1,83,9,83.9,4201,0.0362,0.2387,0.3903,,10,23.1,
elevated,42,1,2,66,7,66.7,4202,,,,,,,
elevated,42,1,3,96,8,96.8,4203,0.0989,0.1841,0.0920,,15.6,25,
elevated,42,1,4,119,8,119.8,4204,0.0235,0.2080,0.3115,,10.3,21.1,
elevated,42,1,5,78,7,78.7,4205,0.0151,0.1120,0.1855,,11,22.3,
elevated,42,2,6,149,9,149.9,4206,0.0322,0.1990,0.3440,,11.6,23.8,
elevated,42,2,7,33333,7,bd3-1.7,4207,,,,,,,
elevated,42,2,8,71,9,71.9,4208,0.0862,0.4815,0.5268,,17.1,34.9,
elevated,42,2,9,123,8,123.8,4209,0.0245,0.1794,0.3420,,12.9,26.9,
elevated,42,2,10,173,8,173.8,4210,0.1099,0.6369,0.7457,,12.9,26.1,
elevated,42,3,11,72,9,72.9,4211,0.0577,0.3954,0.6540,,11,22.4,
elevated,42,3,12,54,7,54.7,4212,0.0669,0.3113,0.4502,,17.5,27.6,
elevated,42,3,13,158,9,158.9,4213,0.0811,0.5181,0.6441,,15,33.6,
elevated,42,3,14,126,8,126.8,4214,0.0206,0.1190,0.3003,,10.4,22,
elevated,42,3,15,158,7,158.7,4215,0.1112,0.4779,0.5114,,19.4,36,
elevated,42,4,16,15,9,15.9,4216,0.0043,0.0760,0.1809,,9.3,18.2,
elevated,42,4,17,79,7,79.7,4217,0.0236,0.2326,0.3769,,11.4,29.6,
elevated,42,4,18,9,9,9.9,4218,0.0422,0.3061,0.3700,,15.5,31.8,
elevated,42,4,19,94,8,94.8,4219,0.0313,0.3116,0.4338,,12,31.9,
elevated,42,4,20,63,7,63.7,4220,0.0863,0.3251,0.3544,,15.7,28.9,
elevated,43,1,1,138,8,138.8,4301,0.0116,0.0773,0.1810,,6,17.2,
elevated,43,1,2,43,8,43.8,4302,0.0538,0.4552,0.6013,,14.2,27.3,
elevated,43,1,3,131,8,131.8,4303,0.0841,0.4157,0.5495,,20.2,38.5,
elevated,43,1,4,170,8,170.8,4304,0.0698,0.3548,0.3737,,16.2,34.3,
elevated,43,1,5,32,8,32.8,4305,0.0129,0.0825,0.2279,,7.1,17.2,
elevated,43,2,6,100,8,100.8,4306,0.2765,0.6086,0.5397,,21.4,31,
elevated,43,2,7,125,8,125.8,4307,0.9781,1.1386,0.0385,,31.3,41.8,
elevated,43,2,8,168,8,168.8,4308,0.1210,0.4434,0.6465,,16,30.5,
elevated,43,2,9,169,7,169.7,4309,0.1163,0.4441,0.4339,,16.6,27.6,
elevated,43,2,10,129,8,129.8,4310,0.3447,0.3712,0.0800,,20.1,30,
elevated,43,3,11,13,8,13.8,4311,0.0111,0.0523,0.1233,,7.1,18.2,
elevated,43,3,12,47,8,47.8,4312,0.1004,0.4855,0.8303,,14.1,19,
elevated,43,3,13,111,8,111.8,4313,0.0148,0.1194,0.3343,,6.1,18,
elevated,43,3,14,42,8,42.8,4314,0.0237,0.1919,0.3541,,7.6,23.4,
elevated,43,3,15,160,7,160.7,4315,0.0289,0.2560,0.3782,,9.1,23.4,
elevated,43,4,16,108,7,108.7,4316,0.0136,0.0811,0.1433,,8.4,20,
elevated,43,4,17,66,9,66.9,4317,0.0298,0.1497,0.2139,,9.8,23.4,
elevated,43,4,18,76,8,76.8,4318,0.0263,0.2158,0.4538,,6.9,26,
elevated,43,4,19,51,9,51.9,4319,0.0200,0.0788,0.2220,,8.1,19.1,
elevated,43,4,20,90,7,90.7,4320,0.0121,0.0859,0.2308,,9.7,18.5,
elevated,44,1,1,60,7,60.7,4401,,,,,,,
elevated,44,1,2,71,7,71.7,4402,0.0351,0.2016,0.3001,,11.2,27.8,
elevated,44,1,3,149,8,149.8,4403,0.1808,0.5734,0.5709,,22.6,38.4,
elevated,44,1,4,164,9,164.9,4404,0.9240,0.6247,,,16.5,,not flowering
elevated,44,1,5,19,7,19.7,4405,,,,,,,
elevated,44,2,6,94,7,94.7,4406,0.0157,0.1228,0.2557,,10.2,20.8,
elevated,44,2,7,79,9,79.9,4407,0.2094,0.5841,0.3755,,21.5,36.1,
elevated,44,2,8,78,9,78.9,4408,0.0548,0.2165,0.3155,,16.1,28.1,
elevated,44,2,9,181,7,181.7,4409,0.0362,0.2372,0.3358,,15.5,27.8,
elevated,44,2,10,31,9,31.9,4410,,,,,,,
elevated,44,3,11,97,7,97.7,4411,1.1832,,,corn,,,
elevated,44,3,12,154,8,154.8,4412,0.0148,0.1101,0.2507,,9.5,19.8,
elevated,44,3,13,106,9,106.9,4413,0.0386,0.1907,0.3480,,13.5,25.5,
elevated,44,3,14,11,8,11.8,4414,,,,,,,
elevated,44,3,15,150,9,150.9,4415,0.1057,0.5106,0.4342,,13.6,29,
elevated,44,4,16,57,9,57.9,4416,0.1364,0.0231,0.1920,,12.1,,
elevated,44,4,17,101,7,101.7,4417,,,,,,,
elevated,44,4,18,21,8,21.8,4418,0.0150,0.0826,0.1293,,8,17.1,
elevated,44,4,19,59,9,59.9,4419,0.0746,0.4341,0.5435,,15,33.3,
elevated,44,4,20,128,9,128.9,4420,0.0261,0.1579,0.3356,,12,22.2,
elevated,45,1,1,88,9,88.9,4501,0.0243,0.1110,0.1870,,8.5,16.8,
elevated,45,1,2,33,8,33.8,4502,0.0080,0.0531,0.1658,,5.6,15.1,
elevated,45,1,3,20,8,20.8,4503,0.0455,0.1739,0.3499,,10.5,22.4,
elevated,45,1,4,176,9,176.9,4504,0.4009,0.7443,0.3614,,25.3,37.5,
elevated,45,1,5,115,8,115.8,4505,0.0150,0.0862,0.1928,,8.7,17,
elevated,45,2,6,58,7,58.7,4506,0.0328,0.1651,0.3092,,11.9,25.9,
elevated,45,2,7,95,8,95.8,4507,0.5648,1.3914,0.6631,,29.1,47.2,
elevated,45,2,8,116,8,116.8,4508,0.0199,0.1392,0.2652,,10.1,20.4,
elevated,45,2,9,107,7,107.7,4509,0.4246,0.5798,,,19.1,,not flowering
elevated,45,2,10,122,7,122.7,4510,0.2689,0.8480,0.6183,,24.2,40.6,
elevated,45,3,11,84,9,84.9,4511,0.0403,0.2036,0.3531,,9.1,22.3,
elevated,45,3,12,61,8,61.8,4512,0.0329,0.2703,0.3729,,12.6,29,
elevated,45,3,13,163,8,163.8,4513,0.0586,0.4207,0.5691,,14.5,33,
elevated,45,3,14,12,8,12.8,4514,0.0144,0.1120,0.2917,,9.9,20.1,
elevated,45,3,15,86,8,86.8,4515,0.0114,0.1090,0.2099,,10.1,24.5,
elevated,45,4,16,2,8,2.8,4516,0.0139,0.0650,0.1793,,8.3,18.3,
elevated,45,4,17,102,8,102.8,4517,0.0205,0.0938,0.2277,,9.5,20.4,
elevated,45,4,18,18,8,18.8,4518,0.0267,0.1922,0.3040,,11.5,23.1,
elevated,45,4,19,102,7,102.7,4519,0.0180,0.1213,0.3119,,11.3,21.8,
elevated,45,4,20,142,8,142.8,4520,0.0194,0.1454,0.2396,,7.9,22.1,
elevated,46,1,1,34,9,34.9,4601,0.0128,0.0645,0.1891,,7.1,18.9,
elevated,46,1,2,49,9,49.9,4602,0.0163,0.0996,0.2403,,8.2,20.1,
elevated,46,1,3,62,8,62.8,4603,0.0561,0.2954,0.4581,,12.5,27.4,
elevated,46,1,4,114,8,114.8,4604,0.0348,0.2827,0.5865,,11.8,24.5,
elevated,46,1,5,128,8,128.8,4605,0.0252,0.1522,0.3226,,14.9,26.5,
elevated,46,2,6,26,8,26.8,4606,0.0379,0.3602,,,9.5,,not flowering
elevated,46,2,7,117,8,117.8,4607,0.0176,0.0954,0.2761,,7.9,16.4,
elevated,46,2,8,174,8,174.8,4608,0.0069,0.0552,0.2338,,8.8,17,
elevated,46,2,9,68,9,68.9,4609,0.0521,0.4089,0.7394,,15.2,27.6,
elevated,46,2,10,23,8,23.8,4610,0.0225,0.1839,0.3982,,8,19.5,
elevated,46,3,11,50,9,50.9,4611,0.0272,0.1461,0.3307,,7.8,19.5,
elevated,46,3,12,121,8,121.8,4612,0.3568,0.8353,0.2723,,17.5,34.8,
elevated,46,3,13,65,9,65.9,4613,0.0055,0.0374,0.1409,,7.1,16,
elevated,46,3,14,81,8,81.8,4614,0.3624,0.9942,0.7314,,22.1,32.7,
elevated,46,3,15,99,8,99.8,4615,0.0296,0.1540,0.3027,,10.8,22.7,
elevated,46,4,16,55,7,55.7,4616,0.0287,0.2922,0.4823,,10.1,26,
elevated,46,4,17,145,8,145.8,4617,0.0254,0.1963,0.3551,,12,27.1,
elevated,46,4,18,162,9,162.9,4618,0.0287,0.2056,0.3613,,12.2,26.1,
elevated,46,4,19,152,8,152.8,4619,0.0182,0.1185,0.2808,,8.2,19,
elevated,46,4,20,112,8,112.8,4620,0.0145,0.0714,0.1985,,7.7,16.6,
elevated,46,4,21,99,9,99.9,4621,0.0365,0.1406,0.2585,,11,27.8,
subamb,47,1,1,33,1,33.1,4701,0.0043,0.0138,0.0341,,6,13.2,
subamb,47,1,2,182,1,182.1,4702,0.0557,0.1028,0.1141,,12.5,24.1,
subamb,47,1,3,116,1,116.1,4703,0.0108,0.0364,0.0822,,10.6,19.1,
subamb,47,1,4,44,3,44.3,4704,0.0451,0.1158,0.1413,,13.9,26.1,
subamb,47,1,5,2,3,2.3,4705,0.0046,0.0129,0.0418,,5.5,13.9,
subamb,47,2,6,124,3,124.3,4706,0.1869,0.1682,,,14.5,,not flowering
subamb,47,2,7,132,2,132.2,4707,0.0203,0.0402,0.0729,,10.9,19.1,
subamb,47,2,8,212121,1,bd21.1,4708,0.0085,0.0289,0.0558,,7.6,14.9,
subamb,47,2,9,156,3,156.3,4709,0.0097,0.0293,0.0585,,10,16.6,
subamb,47,2,10,blank,,blank.,4710,0.2523,0.1701,,,,,
subamb,47,3,11,29,3,29.3,4711,0.0244,0.0440,0.0993,,10.1,12.9,
subamb,47,3,12,26,1,26.1,4712,0.0970,0.1616,0.1201,,15.4,28.7,
subamb,47,3,13,112,3,112.3,4713,0.0072,0.0202,0.0526,,8,13.4,
subamb,47,3,14,81,1,81.1,4714,0.0552,0.1074,0.1447,,12.1,19.1,
subamb,47,3,15,115,3,115.3,4715,0.0057,0.0063,0.0212,,3.6,7.5,
subamb,47,4,16,104,1,104.1,4716,0.0082,0.0233,0.0560,,9,15.3,
subamb,47,4,17,12,1,12.1,4717,0.0030,0.0129,0.0332,,8,13.6,
subamb,47,4,18,172,1,172.1,4718,0.0048,0.0172,0.0399,,9.6,16.1,
subamb,47,4,19,89,1,89.1,4719,0.0090,0.0275,0.0396,,14.5,18.5,
subamb,47,4,20,1,3,1.3,4720,0.0037,0.0131,0.0224,,6.4,11,
subamb,48,1,1,170,1,170.1,4801,0.1841,0.1094,0.0415,,11.2,19.5,
subamb,48,1,2,18,1,18.1,4802,0.0197,0.0519,0.0882,,9.1,20.6,
subamb,48,1,3,84,2,84.2,4803,0.0064,0.0213,0.0514,,8.1,14.6,
subamb,48,1,4,47,1,47.1,4804,0.0325,0.0599,0.0965,,13.6,23.6,
subamb,48,1,5,108,2,108.2,4805,0.0071,0.0260,0.0525,,11.5,16.9,
subamb,48,2,6,20,1,20.1,4806,0.0195,0.0520,0.1439,,10,16.5,
subamb,48,2,7,42,1,42.1,4807,0.0136,0.0503,0.0747,,11.3,20.4,
subamb,48,2,8,58,2,58.2,4808,0.0085,0.0294,0.0803,,9.4,15.5,
subamb,48,2,9,119,2,119.2,4809,0.0153,0.0488,0.0842,,10.5,19.2,
subamb,48,2,10,31,1,31.1,4810,0.0041,0.0147,0.0390,,6,11.6,
subamb,48,3,11,131,3,131.3,4811,0.0073,0.0190,0.0614,,8,14.1,
subamb,48,3,12,61,1,61.1,4812,0.0213,0.0771,0.1022,,13,24,
subamb,48,3,13,169,1,169.1,4813,0.0606,0.1381,0.1748,,16.4,26.9,
subamb,48,3,14,126,2,126.2,4814,0.0235,0.0795,0.1382,,8.6,16.6,
subamb,48,3,15,123,2,123.2,4815,0.0089,0.0294,0.0703,,10.1,16.9,
subamb,48,4,16,160,1,160.1,4816,0.0081,0.0272,0.0564,,8,14.9,
subamb,48,4,17,160,3,160.3,4817,0.0132,0.0424,0.0566,,10,19.4,
subamb,48,4,18,47,3,47.3,4818,0.0103,0.0320,0.0720,,10,17.6,
subamb,48,4,19,125,3,125.3,4819,0.0096,0.0319,0.0418,,12.1,18.1,
subamb,48,4,20,157,1,157.1,4820,0.0329,0.0918,0.1467,,13.4,22.6,
subamb,49,1,1,137,1,137.1,4901,0.0201,0.0536,0.0993,,11.1,22.9,
subamb,49,1,2,139,1,139.1,4902,0.0312,0.0706,0.0984,,12,23,
subamb,49,1,3,27,1,27.1,4903,0.0110,0.0336,0.0710,,7.6,16,
subamb,49,1,4,154,1,154.1,4904,0.0393,0.0951,0.1399,,14.6,26,
subamb,49,1,5,128,3,128.3,4905,0.0102,0.0303,0.0680,,8,17.6,
subamb,49,2,6,12,2,12.2,4906,0.0047,0.0111,0.0455,,4.5,9.2,
subamb,49,2,7,60,3,60.3,4907,0.0051,0.0141,0.0449,,8.6,14,
subamb,49,2,8,62,1,62.1,4908,0.0137,0.0527,0.1023,,8,19.2,
subamb,49,2,9,21,2,21.2,4909,0.0123,0.0473,0.0852,,11.1,18.2,
subamb,49,2,10,28,2,28.2,4910,0.2831,0.2253,0.0302,,17.9,25,
subamb,49,3,11,2,1,2.1,4911,0.0056,0.0173,0.0541,,7.6,13.4,
subamb,49,3,12,92,2,92.2,4912,0.0053,0.0264,0.0711,,8,13.9,
subamb,49,3,13,142,3,142.3,4913,0.0299,0.0891,0.1662,,11.2,22.8,
subamb,49,3,14,116,3,116.3,4914,0.0097,0.0329,0.0772,,9.5,16.6,
subamb,49,3,15,16,3,16.3,4915,0.0284,0.0651,0.0986,,10.4,18.1,
subamb,49,4,16,55,1,55.1,4916,0.0073,0.0196,0.0485,,10.5,15.6,
subamb,49,4,17,33,3,33.3,4917,0.0027,0.0074,0.0246,,5.5,10.2,
subamb,49,4,18,55,3,55.3,4918,0.0150,0.0491,0.1025,,9.9,19,
subamb,49,4,19,115,1,115.1,4919,0.0070,0.0197,0.0526,,7.8,14,
subamb,49,4,20,112,1,112.1,4920,0.0071,0.0201,0.0518,,8.1,14.5,
subamb,50,1,1,160,2,160.2,5001,0.0142,0.0332,0.0365,,11,20.9,
subamb,50,1,2,18,3,18.3,5002,0.0055,0.0258,0.0457,,8.2,17.5,
subamb,50,1,3,181,2,181.2,5003,0.0056,0.0176,0.0483,,6.5,12.3,
subamb,50,1,4,100,2,100.2,5004,0.0050,0.0155,0.0489,,4,14.4,
subamb,50,1,5,170,2,170.2,5005,0.0143,0.0413,0.0673,,9.4,19.5,
subamb,50,2,6,123,1,123.1,5006,0.0166,0.0453,0.0681,,10.7,18.3,
subamb,50,2,7,131,2,131.2,5007,0.0022,0.0097,0.0351,,8.3,16.2,
subamb,50,2,8,31,3,31.3,5008,0.0150,0.0574,0.1185,,9.5,18.4,
subamb,50,2,9,42,2,42.2,5009,0.0050,0.0206,0.0513,,8,15.6,
subamb,50,2,10,35,3,35.3,5010,0.0263,0.0664,0.0943,,9.5,20.5,
subamb,50,3,11,86,1,86.1,5011,0.0008,0.0056,0.0093,,8,12.1,
subamb,50,3,12,69,2,69.2,5012,0.2282,0.1985,0.0099,,21.3,22.6,flowered 20/1/16
subamb,50,3,13,blank,,blank.,5013,0.0363,0.0941,0.1449,,11,21.5,
subamb,50,3,14,132,3,132.3,5014,0.0264,0.0701,0.0451,,15,25.6,
subamb,50,3,15,164,3,164.3,5015,0.0353,0.0393,0.0382,,9.5,18.3,
subamb,50,4,16,47,2,47.2,5016,0.0064,0.0143,0.0134,,7.6,17,
subamb,50,4,17,97,2,97.2,5017,0.0159,0.0386,0.0537,,10.2,19.8,
subamb,50,4,18,173,2,173.2,5018,0.0226,0.0739,0.0981,,10,19.5,
subamb,50,4,19,125,2,125.2,5019,0.0588,0.1781,0.2567,,14.1,27,
subamb,50,4,20,101,2,101.2,5020,,,,,,,
subamb,51,1,1,106,3,106.3,5101,0.0224,0.0498,0.0895,,10.5,17.5,
subamb,51,1,2,212121,10,bd21.10,5102,0.0077,0.0237,0.0272,,5.5,12.1,
subamb,51,1,3,100,1,100.1,5103,0.0356,0.0802,0.1242,,9,20.4,
subamb,51,1,4,181,3,181.3,5104,0.0316,0.0852,0.1143,,11.7,21,
subamb,51,1,5,155,3,155.3,5105,0.0030,0.0098,0.0263,,7.5,12.5,
subamb,51,2,6,150,3,150.3,5106,0.0507,0.1166,0.1521,,13.4,25.1,
subamb,51,2,7,129,1,129.1,5107,0.0049,0.0164,0.0460,,6.4,12.4,
subamb,51,2,8,43,3,43.3,5108,0.0311,0.0815,0.1203,,12.3,21,
subamb,51,2,9,183,2,183.2,5109,0.0087,0.3590,0.0614,,6.3,15.6,
subamb,51,2,10,101,1,101.1,5110,0.0187,0.0522,0.0708,,12.5,21.7,
subamb,51,3,11,136,1,136.1,5111,0.0382,0.1008,0.1352,,12.1,23.5,
subamb,51,3,12,38,3,38.3,5112,0.0184,0.0586,0.0944,,10,17.1,
subamb,51,3,13,106,1,106.1,5113,0.0203,0.0541,0.0948,,9.9,16.6,
subamb,51,3,14,168,3,168.3,5114,0.0206,0.0623,0.1063,,9.1,16.6,
subamb,51,3,15,140,3,140.3,5115,0.0057,0.0110,0.0266,,8.8,13.1,
subamb,51,4,16,130,3,130.3,5116,0.0153,0.0381,0.0960,,6.3,14,
subamb,51,4,17,164,1,164.1,5117,,,,,,,
subamb,51,4,18,97,3,97.3,5118,,,,,,,
subamb,51,4,19,130,2,130.2,5119,0.0929,0.0924,0.0532,,16.1,25.2,
subamb,51,4,20,66,2,66.2,5120,0.0077,0.0237,0.0463,,9,16.5,
subamb,52,1,1,38,1,38.1,5201,0.0505,0.1295,0.2168,,13.1,21.9,
subamb,52,1,2,28,1,28.1,5202,0.1397,0.2897,0.3109,,15.5,27,
subamb,52,1,3,140,1,140.1,5203,0.0030,0.0163,0.0480,,4,13.1,
subamb,52,1,4,62,3,62.3,5204,0.0201,0.0715,0.1372,,11.8,19.9,
subamb,52,1,5,155,1,155.1,5205,0.0292,0.0622,0.1215,,9.4,14.9,
subamb,52,2,6,142,2,142.2,5206,0.0357,0.0900,0.1567,,10.8,19.4,
subamb,52,2,7,11,3,11.3,5207,0.1127,0.2702,0.3088,,13.5,23.8,
subamb,52,2,8,137,2,137.2,5208,0.0089,0.0228,0.0720,,6.9,13.5,
subamb,52,2,9,101,3,101.3,5209,0.0083,0.0297,0.0838,,7.8,15.7,
subamb,52,2,10,27,2,27.2,5210,0.0223,0.0597,0.1078,,10,17.8,
subamb,52,3,11,113,3,113.3,5211,0.0419,0.0883,0.1584,,11,19.2,
subamb,52,3,12,139,2,139.2,5212,0.0102,0.0298,0.0642,,8,14.5,
subamb,52,3,13,7,3,7.3,5213,0.0057,0.0236,0.0705,,5.6,12.9,
subamb,52,3,14,55,2,55.2,5214,0.0124,0.0456,0.0917,,9.6,15.7,
subamb,52,3,15,150,1,150.1,5215,0.0577,0.1544,0.1530,,13.5,27,
subamb,52,4,16,97,1,97.1,5216,0.0183,0.0521,0.0949,,9.1,17,
subamb,52,4,17,136,3,136.3,5217,0.0020,0.0164,0.0428,,7.9,14.1,
subamb,52,4,18,164,2,164.2,5218,0.0310,0.0816,0.1586,,9.8,19.2,
subamb,52,4,19,106,2,106.2,5219,0.0194,0.0777,0.0988,,12.5,25.2,
subamb,52,4,20,128,2,128.2,5220,0.0254,0.0544,0.0748,,10.7,20.7,
subamb,53,1,1,181,1,181.1,5301,,,,,,,
subamb,53,1,2,58,1,58.1,5302,0.0087,0.0207,0.0704,,7.5,15.1,
subamb,53,1,3,16,2,16.2,5303,0.2038,0.1740,0.0160,,13.9,19.7,
subamb,53,1,4,131,1,131.1,5304,0.0310,0.0874,0.1403,,15.4,23.2,
subamb,53,1,5,99,2,99.2,5305,0.0107,0.0361,0.0810,,9.7,17.9,
subamb,53,2,6,170,3,170.3,5306,0.2938,0.2105,0.0136,,18.1,23.7,
subamb,53,2,7,69,1,69.1,5307,0.0263,0.0942,0.1574,,11.7,22.5,
subamb,53,2,8,20,2,20.2,5308,0.0490,0.1260,0.2235,,9,21.4,
subamb,53,2,9,126,1,126.1,5309,0.0690,0.1771,0.2413,,12.5,24.2,
subamb,53,2,10,84,3,84.3,5310,0.0156,0.0561,0.0848,,11,18.2,
subamb,53,3,11,86,2,86.2,5311,0.0032,0.0157,0.0388,,9,16,
subamb,53,3,12,43,2,43.2,5312,0.2786,0.2766,0.0373,,19.9,25.5,
subamb,53,3,13,150,2,150.2,5313,0.0192,0.0507,0.0882,,10.8,20.7,
subamb,53,3,14,129,2,129.2,5314,0.0430,0.1241,0.1548,,14.3,25.6,
subamb,53,3,15,66,1,66.1,5315,,,,,,,
subamb,53,4,16,61,2,61.2,5316,0.0106,0.0419,0.0662,,8.1,18.4,
subamb,53,4,17,168,2,168.2,5317,0.0274,0.0884,0.1402,,12.5,22.5,
subamb,53,4,18,42,3,42.3,5318,0.0053,0.0276,0.0615,,7.5,18.1,
subamb,53,4,19,108,1,108.1,5319,0.0090,0.0353,0.0718,,11.5,17.4,
subamb,53,4,20,125,1,125.1,5320,0.0207,0.0617,0.0747,,15.9,22.7,
subamb,54,1,1,114,1,114.1,5401,0.0041,0.0229,0.0551,,8.2,13.3,
subamb,54,1,2,152,2,152.2,5402,0.0045,0.0180,0.0656,,6.9,14,
subamb,54,1,3,107,3,107.3,5403,0.0198,0.0504,0.0938,,10.8,17.4,
subamb,54,1,4,174,2,174.2,5404,0.0043,0.0089,0.0288,,6.2,11.5,
subamb,54,1,5,142,1,142.1,5405,0.0188,0.0577,0.0872,,9.6,19.1,
subamb,54,2,6,28,3,28.3,5406,0.2124,0.2762,0.1646,,18.5,13.3,
subamb,54,2,7,176,2,176.2,5407,0.0073,0.0270,0.0437,,6.8,13.7,
subamb,54,2,8,65,3,65.3,5408,0.0031,0.0255,0.0508,,7,15.3,
subamb,54,2,9,145,2,145.2,5409,0.0077,0.0237,0.0548,,7.9,14.9,
subamb,54,2,10,163,1,163.1,5410,0.0596,0.1497,0.1155,,19.6,32.7,
subamb,54,3,11,122,1,122.1,5411,0.0112,0.0433,0.0713,,8.4,19.1,
subamb,54,3,12,176,3,176.3,5412,0.0312,0.1172,0.1461,,11.5,23.5,
subamb,54,3,13,117,2,117.2,5413,0.0084,0.0145,0.0625,,4,12,
subamb,54,3,14,27,3,27.3,5414,0.0155,0.0373,0.0656,,8.8,15.5,
subamb,54,3,15,102,1,102.1,5415,0.0358,0.0852,0.1350,,12,23.5,
subamb,54,4,16,139,3,139.3,5416,0.0095,0.0253,0.0603,,18.5,14.4,
subamb,54,4,17,88,3,88.3,5417,0.0064,0.0208,0.0544,,5.5,12.2,
subamb,54,4,18,95,3,95.3,5418,0.0080,0.0185,0.0578,,8.6,15.4,
subamb,54,4,19,95,2,95.2,5419,0.0394,0.0926,0.1641,,11.5,23.6,
subamb,54,4,20,137,3,137.3,5420,0.0074,0.0235,0.0660,,7.5,14,
subamb,55,1,1,153,2,153.2,5501,0.0045,0.0252,0.0475,,8.3,16,
subamb,55,1,2,6,1,6.1,5502,0.1064,0.1436,0.0711,,16.6,25.5,
subamb,55,1,3,3,2,3.2,5503,0.0458,0.0099,0.0693,,7.9,17.4,
subamb,55,1,4,8,2,8.2,5504,0.0159,0.0649,0.1087,,12.7,22.3,
subamb,55,1,5,171,1,171.1,5505,0.0188,0.0079,0.0655,,7.9,14.2,
subamb,55,2,6,165,3,165.3,5506,0.0036,0.0109,0.0361,,4.6,10.8,
subamb,55,2,7,212121,2,bd21.2,5507,0.0080,0.0334,0.0769,,6.5,15.6,
subamb,55,2,8,15,1,15.1,5508,0.0206,0.0692,0.1221,,10.3,18.2,
subamb,55,2,9,90,3,90.3,5509,0.0207,0.0758,0.1413,,10.1,17.6,
subamb,55,2,10,82,3,82.3,5510,0.0045,0.0211,0.0495,,8.8,13.4,
subamb,55,3,11,80,2,80.2,5511,0.0069,0.0302,0.0985,,5.5,12.9,
subamb,55,3,12,5,3,5.3,5512,0.0168,0.0523,0.1012,,10.3,18.5,
subamb,55,3,13,127,2,127.2,5513,0.0078,0.0209,0.0554,,5.7,14.6,
subamb,55,3,14,9,3,9.3,5514,0.0196,0.0669,0.1374,,9.9,17.2,
subamb,55,3,15,23,1,23.1,5515,0.0109,0.0405,0.0894,,7.4,13.9,
subamb,55,4,16,103,2,103.2,5516,0.0205,0.0494,0.1013,,8.2,13.9,
subamb,55,4,17,166,2,166.2,5517,0.0466,0.1385,0.1500,,14.3,21.1,
subamb,55,4,18,10,3,10.3,5518,0.0083,0.0298,0.0636,,7.5,15.1,
subamb,55,4,19,70,1,70.1,5519,0.0393,0.1301,0.1624,,14.3,26,
subamb,55,4,20,96,1,96.1,5520,0.0261,0.0933,0.1105,,11.6,22,
subamb,56,1,1,76,3,76.3,5601,0.0102,0.0226,0.0597,,8.1,14.2,
subamb,56,1,2,15,2,15.2,5602,0.0445,0.1195,0.1933,,11,21.3,
subamb,56,1,3,122,2,122.2,5603,0.0151,0.0401,0.0595,,12,20.4,
subamb,56,1,4,163,3,163.3,5604,0.0326,0.0960,0.1560,,9.3,17.7,
subamb,56,1,5,51,3,51.3,5605,0.0064,0.0250,0.0664,,6.2,13.6,
subamb,56,2,6,102,3,102.3,5606,0.0333,0.0774,0.1658,,10.1,18.4,
subamb,56,2,7,111,3,111.3,5607,0.0061,0.0187,0.0612,,6.6,12.1,
subamb,56,2,8,21,3,21.3,5608,0.0450,0.1096,0.1411,,13.2,20.5,
subamb,56,2,9,32,3,32.3,5609,0.0067,0.0193,0.0586,,7.1,14,
subamb,56,2,10,138,2,138.2,5610,0.0130,0.0462,0.0982,,6,15.6,
subamb,56,3,11,83,2,83.2,5611,0.0344,0.0707,0.1196,,9.5,16.1,
subamb,56,3,12,107,1,107.1,5612,0.1690,0.3375,0.2433,,18.2,35.1,
subamb,56,3,13,66,3,66.3,5613,0.0027,0.0072,0.0261,,4,10.5,
subamb,56,3,14,111,2,111.2,5614,0.0060,0.0146,0.0525,,6.1,11.3,
subamb,56,3,15,54,2,54.2,5615,0.0308,0.0830,0.1493,,9.6,19.9,
subamb,56,4,16,13,3,13.3,5616,0.0055,0.0146,0.0485,,6,13.1,
subamb,56,4,17,72,2,72.2,5617,0.0144,0.0435,0.0792,,8.2,14.9,
subamb,56,4,18,9,2,9.2,5618,0.0112,0.0331,0.0737,,8.2,14.6,
subamb,56,4,19,138,3,138.3,5619,0.0199,0.0700,0.1232,,10.5,19.6,
subamb,56,4,20,96,2,96.2,5620,0.0853,0.1086,0.0695,,14.5,22.7,
subamb,57,1,1,53,3,53.3,5701,0.0072,0.0240,0.0552,,8.4,14.5,
subamb,57,1,2,154,2,154.2,5702,,,,,,,
subamb,57,1,3,109,3,109.3,5703,0.0036,0.0228,0.0536,,9,15.3,
subamb,57,1,4,21,1,21.1,5704,0.0240,0.0792,0.1169,,11.5,19.8,
subamb,57,1,5,72,3,72.3,5705,0.0106,0.0326,0.0654,,9.3,16.1,
subamb,57,2,6,83,1,83.1,5706,0.0051,0.0252,0.0605,,7.7,15,
subamb,57,2,7,11,2,11.2,5707,,,,,,,
subamb,57,2,8,19,3,19.3,5708,0.0448,0.1414,0.1835,,13.7,25,
subamb,57,2,9,57,1,57.1,5709,0.0541,0.1307,0.1683,,14.6,16.9,
subamb,57,2,10,22,1,22.1,5710,0.0038,0.0130,0.0366,,4.1,12.5,
subamb,57,3,11,98,3,98.3,5711,0.0153,0.0611,0.1394,,8.8,16.5,
subamb,57,3,12,121,3,121.3,5712,0.0325,0.1010,0.1544,,12,22.4,
subamb,57,3,13,17,2,17.2,5713,0.0097,0.0397,0.0894,,8.6,19,
subamb,57,3,14,19,1,19.1,5714,,,,,,,
subamb,57,3,15,60,1,60.1,5715,,,,,,,
subamb,57,4,16,5,2,5.2,5716,0.0220,0.0701,0.1154,,13.4,23.1,
subamb,57,4,17,96,3,96.3,5717,0.0324,0.1033,0.0862,,13.9,30,
subamb,57,4,18,15,3,15.3,5718,0.0575,0.1165,0.1592,,13.8,22.4,
subamb,57,4,19,54,1,54.1,5719,0.3871,0.2359,0.0461,,24,38,
subamb,57,4,20,1,1,1.1,5720,,,,,,,
subamb,58,1,1,172,3,172.3,5801,0.0069,0.0246,0.0526,,5.4,15,
subamb,58,1,2,79,2,79.2,5802,0.0051,0.0201,0.0481,,5,11.9,
subamb,58,1,3,33333,10,bd3-1.10,5803,0.0724,0.1967,0.1831,,18.1,31.1,
subamb,58,1,4,108,3,108.3,5804,0.0740,0.1576,0.1480,,14.6,19.6,
subamb,58,1,5,53,1,53.1,5805,0.0031,0.0103,0.0288,,4,14.2,
subamb,58,2,6,168,1,168.1,5806,0.0209,0.0652,0.1320,,11.5,17,
subamb,58,2,7,29,1,29.1,5807,0.1133,0.2032,0.3106,,12.1,24,
subamb,58,2,8,158,3,158.3,5808,,,,,,,
subamb,58,2,9,104,3,104.3,5809,0.0073,0.0366,0.0964,,7.5,14.4,
subamb,58,2,10,44,2,44.2,5810,0.0256,0.0673,0.1203,,9.6,21.2,
subamb,58,3,11,169,3,169.3,5811,0.0070,0.0291,0.0704,,6.2,13.4,
subamb,58,3,12,94,3,94.3,5812,0.0110,0.0368,0.0795,,9,17.8,
subamb,58,3,13,129,3,129.3,5813,0.0353,0.1100,0.1817,,11.7,19.4,
subamb,58,3,14,33333,1,bd3-1.1,5814,0.0168,0.0425,0.0934,,8.6,17.1,
subamb,58,3,15,35,1,35.1,5815,0.0099,0.0397,0.0729,,6.5,14.1,
subamb,58,4,16,43,1,43.1,5816,0.0055,0.0236,0.0426,,8.7,14.4,
subamb,58,4,17,156,1,156.1,5817,0.0074,0.0319,0.0742,,9,15.9,
subamb,58,4,18,100,3,100.3,5818,0.0292,0.0728,0.1292,,8.4,17.3,
subamb,58,4,19,98,1,98.1,5819,0.0052,0.0199,0.0512,,5,12.6,
subamb,58,4,20,17,1,17.1,5820,0.0066,0.0169,0.0384,,5.3,16.6,
subamb,59,1,1,26,2,26.2,5901,0.0180,0.0550,0.1340,,10,18.6,
subamb,59,1,2,81,2,81.2,5902,0.3023,0.4013,0.2121,,16.2,28.2,
subamb,59,1,3,152,3,152.3,5903,0.0059,0.0168,0.0585,,6.5,12.5,
subamb,59,1,4,146,2,146.2,5904,0.0274,0.0827,0.1696,,9.4,20.6,
subamb,59,1,5,162,1,162.1,5905,0.0049,0.0218,0.0524,,6,13,
subamb,59,2,6,68,3,68.3,5906,0.0747,0.2125,0.2843,,14.2,22.9,
subamb,59,2,7,56,2,56.2,5907,0.0303,0.0821,0.1276,,10.1,23.5,
subamb,59,2,8,59,1,59.1,5908,0.0126,0.0438,0.0681,,9,21.1,
subamb,59,2,9,174,1,174.1,5909,0.0048,0.0184,0.0562,,7.1,14.2,
subamb,59,2,10,63,1,63.1,5910,0.2536,0.2837,,,14.2,,not flowering
subamb,59,3,11,59,2,59.2,5911,0.0221,0.0585,0.1316,,10.7,20,
subamb,59,3,12,143,1,143.1,5912,0.2507,0.3580,0.2419,,20.6,31.5,
subamb,59,3,13,144,3,144.3,5913,0.1260,0.2755,0.3271,,16,26.4,
subamb,59,3,14,144,2,144.2,5914,0.1073,0.2440,0.3213,,13.5,27.4,
subamb,59,3,15,63,2,63.2,5915,0.3123,0.4442,0.2955,,22.1,30,
subamb,59,4,16,48,1,48.1,5916,0.0409,0.0849,0.1275,,11.2,21.8,
subamb,59,4,17,56,1,56.1,5917,0.0746,0.1637,0.1859,,16.5,27,
subamb,59,4,18,146,1,146.1,5918,0.0745,0.1593,0.2535,,12.1,20.7,
subamb,59,4,19,34,1,34.1,5919,0.0127,0.0444,0.0891,,10.9,17.8,
subamb,59,4,20,143,2,143.2,5920,0.0093,0.0246,0.0518,,6.6,12.2,
subamb,60,1,1,99,1,99.1,6001,0.0251,0.0629,0.1132,,10,18.9,
subamb,60,1,2,173,1,173.1,6002,0.0238,0.0923,0.1521,,11,18.6,
subamb,60,1,3,61,3,61.3,6003,0.0234,0.0993,0.1371,,12.5,21.1,
subamb,60,1,4,183,1,183.1,6004,0.0173,0.0572,0.1215,,8,18,
subamb,60,1,5,77,2,77.2,6005,0.0440,0.0942,0.0796,,15,23.6,
subamb,60,2,6,86,3,86.3,6006,0.0153,0.0455,0.0931,,10.2,18,
subamb,60,2,7,119,1,119.1,6007,0.0237,0.0550,0.0904,,9.5,18.1,
subamb,60,2,8,20,3,20.3,6008,0.0456,0.1150,0.2391,,9.6,18,
subamb,60,2,9,37,3,37.3,6009,0.2162,0.3264,0.2895,,21.6,34.6,
subamb,60,2,10,77,1,77.1,6010,0.0252,0.0570,0.0779,,13.5,21.5,
subamb,60,3,11,182,3,182.3,6011,0.0624,0.1572,0.1494,,16.2,28,
subamb,60,3,12,35,2,35.2,6012,,,,,,,
subamb,60,3,13,58,3,58.3,6013,0.0135,0.0455,0.0718,,7.5,17.6,
subamb,60,3,14,36,2,36.2,6014,0.3018,0.4610,0.2955,,24.9,43,
subamb,60,3,15,147,3,147.3,6015,0.0371,0.1162,0.1969,,13.8,27.4,
subamb,60,4,16,157,3,157.3,6016,0.0326,0.0807,0.0908,,16.3,26.2,
subamb,60,4,17,84,1,84.1,6017,0.0206,0.0828,0.1332,,11,20.7,
subamb,60,4,18,18,2,18.2,6018,0.0180,0.0639,0.1267,,10.3,20.6,
subamb,60,4,19,118,1,118.1,6019,0.0171,0.0786,0.1386,,10.5,22.8,
subamb,60,4,20,169,2,169.2,6020,0.0034,0.0145,0.0355,,7.5,14.1,
subamb,61,1,1,124,2,124.2,6101,0.0178,0.0588,0.0990,,15.2,23.7,
subamb,61,1,2,83,3,83.3,6102,0.0132,0.0466,0.0900,,8.7,18.1,
subamb,61,1,3,172,2,172.2,6103,0.0083,0.0194,0.0262,,6.7,18.9,
subamb,61,1,4,80,1,80.1,6104,0.0074,0.0163,0.0395,,5.2,8.8,
subamb,61,1,5,16,1,16.1,6105,0.0510,0.1079,0.1414,,12.2,20.9,
subamb,61,2,6,104,2,104.2,6106,0.0168,0.0614,0.1171,,10.1,18.2,
subamb,61,2,7,153,3,153.3,6107,0.0065,0.0312,0.0732,,10.2,19.4,
subamb,61,2,8,9,1,9.1,6108,0.0312,0.0764,0.1372,,11.3,20.1,
subamb,61,2,9,156,2,156.2,6109,0.0054,0.0278,0.0586,,10,17.9,
subamb,61,2,10,212121,3,bd21.3,6110,,,,,,,
subamb,61,3,11,182,2,182.2,6111,0.0445,0.0945,0.1332,,10.6,19,
subamb,61,3,12,171,3,171.3,6112,0.0067,0.0244,0.0713,,8.4,14.4,
subamb,61,3,13,44,1,44.1,6113,0.0111,0.0430,0.0745,,11.6,20.9,
subamb,61,3,14,23,3,23.3,6114,0.0137,0.0512,0.1177,,8.7,18.3,
subamb,61,3,15,3,3,3.3,6115,0.0066,0.0357,0.0693,,9.8,18.8,
subamb,61,4,16,89,2,89.2,6116,0.0153,0.0511,0.0668,,14.1,23.5,
subamb,61,4,17,130,1,130.1,6117,0.1042,0.2456,0.3112,,14.4,27,
subamb,61,4,18,183,3,183.3,6118,0.0106,0.0415,0.0879,,10.5,17,
subamb,61,4,19,132,1,132.1,6119,0.1099,0.2977,0.3068,,17.8,31.6,
subamb,61,4,20,129,2,129.2,6120,0.0086,0.0104,0.0356,,9.1,15.5,
subamb,62,1,1,73,1,73.1,6201,0.0291,0.0619,0.1044,,11,16.1,
subamb,62,1,2,77,3,77.3,6202,0.0037,0.0160,0.0317,,6,12,
subamb,62,1,3,124,1,124.1,6203,0.1188,0.1635,0.0289,,22.6,27.3,
subamb,62,1,4,37,2,37.2,6204,0.0531,0.0976,0.1089,,14,25.1,
subamb,62,1,5,118,3,118.3,6205,,,,,,,
subamb,62,2,6,126,3,126.3,6206,0.1585,0.2115,0.2109,,15,24.5,
subamb,62,2,7,73,3,73.3,6207,0.0695,0.1423,0.1625,,13.6,25.4,
subamb,62,2,8,36,1,36.1,6208,0.1171,0.1129,0.0401,,16.6,22.2,
subamb,62,2,9,123,3,123.3,6209,0.0291,0.0751,0.1344,,9,18.1,
subamb,62,2,10,73,2,73.2,6210,0.0744,0.1425,0.2044,,15.2,26.2,
subamb,62,3,11,37,1,37.1,6211,0.0099,0.0204,0.0427,,8.6,13.9,
subamb,62,3,12,36,3,36.3,6212,0.1104,0.0965,0.0456,,17.3,25.7,
subamb,62,3,13,71,3,71.3,6213,0.0022,0.0128,0.0373,,6.1,13.1,
subamb,62,3,14,78,3,78.3,6214,0.0128,0.0308,0.0351,,8.3,14.4,
subamb,62,3,15,118,2,118.2,6215,0.0094,0.0257,0.0475,,8.7,16.1,
subamb,62,4,16,173,3,173.3,6216,0.0124,0.0391,0.0764,,8.2,13.6,
subamb,62,4,17,157,2,157.2,6217,0.0665,0.1283,0.1590,,18.7,28.2,
subamb,62,4,18,69,3,69.3,6218,1.2051,,,corn,,,
subamb,62,4,19,147,2,147.2,6219,0.0695,0.1921,0.2606,,16.1,30.4,
subamb,62,4,20,119,3,119.3,6220,0.0821,0.1420,0.1839,,13.4,25.4,
subamb,63,1,1,64,1,64.1,6301,,,,,,,
subamb,63,1,2,111,1,111.1,6302,0.0052,0.0116,0.0385,,6,10.7,
subamb,63,1,3,25,1,25.1,6303,0.0028,0.0099,0.0385,,8.2,12.6,
subamb,63,1,4,22,3,22.3,6304,0.0030,0.0100,0.0231,,7.6,10.5,
subamb,63,1,5,76,2,76.2,6305,0.0063,0.0185,0.0445,,6.3,11.8,
subamb,63,2,6,23,2,23.2,6306,0.0071,0.0314,0.0817,,9.1,15.8,
subamb,63,2,7,25,3,25.3,6307,0.0070,0.0168,0.0648,,9.2,15.9,
subamb,63,2,8,109,2,109.2,6308,0.0069,0.0231,0.0620,,5.8,14.7,
subamb,63,2,9,64,3,64.3,6309,0.0060,0.0386,0.0732,,10.3,18,
subamb,63,2,10,13,1,13.1,6310,0.0053,0.0202,0.0593,,7.2,13.4,
subamb,63,3,11,171,2,171.2,6311,0.0082,0.0228,0.0685,,8.5,15,
subamb,63,3,12,25,2,25.2,6312,0.0045,0.0216,0.0491,,9.5,17.5,
subamb,63,3,13,138,1,138.1,6313,0.0089,0.0354,0.0730,,11.3,17.2,
subamb,63,3,14,127,3,127.3,6314,0.0064,0.0305,0.0608,,9.5,16.4,
subamb,63,3,15,32,2,32.2,6315,0.0033,0.0087,0.0435,,8.2,13.3,
subamb,63,4,16,51,2,51.2,6316,0.0051,0.0165,0.0515,,6.8,13,
subamb,63,4,17,3,1,3.1,6317,0.0070,0.0365,0.0850,,8.4,16.5,
subamb,63,4,18,153,1,153.1,6318,0.0036,0.0187,0.0428,,9.5,16.2,
subamb,63,4,19,80,3,80.3,6319,0.0045,0.0140,0.0577,,6.3,11.8,
subamb,63,4,20,127,1,127.1,6320,0.0066,0.0184,0.0547,,9.6,16,
subamb,64,1,1,113,2,113.2,6401,0.0087,0.0254,0.0557,,12,17.5,
subamb,64,1,2,140,2,140.2,6402,0.0083,0.0207,0.0464,,7.9,14.6,
subamb,64,1,3,38,2,38.2,6403,0.0221,0.0562,0.0944,,13.5,20.4,
subamb,64,1,4,7,2,7.2,6404,0.0024,0.0102,0.0205,,8.5,11.4,
subamb,64,1,5,53,2,53.2,6405,0.0047,0.0174,0.0470,,14.7,9,
subamb,64,2,6,90,1,90.1,6406,0.0233,0.0635,0.1078,,10,19.1,
subamb,64,2,7,155,2,155.2,6407,0.0680,0.1400,0.1500,,14.3,26.5,
subamb,64,2,8,165,1,165.1,6408,0.0080,0.0243,0.0574,,11.1,18.1,
subamb,64,2,9,33333,2,bd3-1.2,6409,,,,,,,
subamb,64,2,10,8,1,8.1,6410,0.0189,0.0438,0.0545,,11.8,19.1,
subamb,64,3,11,17,3,17.3,6411,0.0050,0.0193,0.0420,,7.3,30.6,
subamb,64,3,12,62,2,62.2,6412,0.0159,0.0526,0.0905,,12.1,21.6,
subamb,64,3,13,98,2,98.2,6413,0.0388,0.0847,0.1389,,11.5,21.5,
subamb,64,3,14,103,3,103.3,6414,0.0192,0.0623,0.1388,,10.6,20.2,
subamb,64,3,15,22,2,22.2,6415,0.0059,0.0229,0.0334,,7.2,18.5,
subamb,64,4,16,10,1,10.1,6416,0.0019,0.0085,0.0244,,5.3,12.1,
subamb,64,4,17,5,1,5.1,6417,,,,,,,
subamb,64,4,18,70,3,70.3,6418,0.0540,0.1213,0.1830,,12.4,25.1,
subamb,64,4,19,109,1,109.1,6419,0.0074,0.0270,0.0572,,7.1,17.5,
subamb,64,4,20,166,3,166.3,6420,0.0040,0.0166,0.0467,,8.7,15.6,
subamb,65,1,1,71,1,71.1,6501,0.0019,0.0062,0.0182,,4,9.1,
subamb,65,1,2,54,3,54.3,6502,0.0220,0.0431,0.0799,,9.4,15.9,
subamb,65,1,3,33333,3,bd3-1.3,6503,,,,,,,
subamb,65,1,4,121,1,121.1,6504,0.2546,0.1749,,,12.5,,not flowering
subamb,65,1,5,94,1,94.1,6505,0.0066,0.0273,0.0625,,9.7,18.6,
subamb,65,2,6,90,2,90.2,6506,0.0706,0.1344,0.1836,,11.5,21.5,
subamb,65,2,7,4,2,4.2,6507,0.0022,0.0064,0.0243,,5.4,11.1,
subamb,65,2,8,158,2,158.2,6508,0.0303,0.0673,0.1068,,10.6,20.6,
subamb,65,2,9,6,3,6.3,6509,0.0295,0.0885,0.1315,,10.2,20.9,
subamb,65,2,10,78,1,78.1,6510,0.0144,0.0461,0.0826,,10,19.1,
subamb,65,3,11,165,2,165.2,6511,0.0131,0.0318,0.0927,,10.5,16.8,
subamb,65,3,12,4,1,4.1,6512,0.0039,0.0114,0.0370,,7.9,11.1,
subamb,65,3,13,91,2,91.2,6513,0.0336,0.0623,0.1059,,10,15.9,
subamb,65,3,14,82,2,82.2,6514,,,,,,,
subamb,65,3,15,70,2,70.2,6515,0.0267,0.0709,0.1358,,10.1,19,
subamb,65,4,16,103,1,103.1,6516,0.0419,0.0650,0.1171,,10.8,19.2,
subamb,65,4,17,79,1,79.1,6517,0.0105,0.0294,0.0484,,9,15.6,
subamb,65,4,18,166,1,166.1,6518,0.0507,0.1446,0.1650,,13.9,26.1,
subamb,65,4,19,10,2,10.2,6519,0.0073,0.0325,0.0571,,8.6,14,
subamb,65,4,20,149,1,149.1,6520,0.0316,0.0922,0.1119,,13.1,24.4,
subamb,66,1,1,76,1,76.1,6601,0.0218,0.0569,0.1101,,8.1,19.3,
subamb,66,1,2,158,1,158.1,6602,0.0178,0.0435,0.0821,,9,15.4,
subamb,66,1,3,34,3,34.3,6603,0.0101,0.0342,0.0905,,11.1,16.6,
subamb,66,1,4,1,2,1.2,6604,0.1116,0.2730,0.1863,,19.6,30.7,
subamb,66,1,5,71,2,71.2,6605,0.0031,0.0128,0.0320,,8.9,13.8,
subamb,66,2,6,78,2,78.2,6606,0.0232,0.0735,0.1440,,12.8,21.4,
subamb,66,2,7,92,1,92.1,6607,0.0517,0.1994,0.2641,,13.6,24.5,
subamb,66,2,8,149,3,149.3,6608,0.0425,0.1055,0.1739,,10,21.5,
subamb,66,2,9,72,1,72.1,6609,0.0095,0.0330,0.0954,,6.6,13.1,
subamb,66,2,10,79,3,79.3,6610,0.0058,0.0235,0.0466,,7.5,14.1,
subamb,66,3,11,51,1,51.1,6611,0.0037,0.0127,0.0427,,7,12.2,
subamb,66,3,12,114,3,114.3,6612,0.0150,0.0589,0.1480,,11.5,18.4,
subamb,66,3,13,145,3,145.3,6613,0.0048,0.0215,0.0600,,9,14.5,
subamb,66,3,14,117,1,117.1,6614,0.0109,0.0324,0.1040,,6.8,13.5,
subamb,66,3,15,65,2,65.2,6615,0.0023,0.0056,0.0284,,4.1,10.6,
subamb,66,4,16,31,2,31.2,6616,0.0075,0.0256,0.0464,,8.8,16.5,
subamb,66,4,17,64,2,64.2,6617,0.0165,0.0600,0.1091,,10.5,18,
subamb,66,4,18,13,2,13.2,6618,0.0065,0.0212,0.0600,,7,13.5,
subamb,66,4,19,32,1,32.1,6619,0.0048,0.0200,0.0592,,9.8,15,
subamb,66,4,20,94,2,94.2,6620,0.0071,0.0236,0.0651,,10,15.1,
subamb,67,1,1,95,1,95.1,6701,0.0317,0.0722,0.1026,,13.8,22.8,
subamb,67,1,2,68,2,68.2,6702,0.0226,0.0782,0.1085,,12.9,22.5,
subamb,67,1,3,144,1,144.1,6703,0.0352,0.0800,0.1601,,10.1,19.5,
subamb,67,1,4,50,1,50.1,6704,0.0056,0.0124,0.0425,,7.8,14.4,
subamb,67,1,5,63,3,63.3,6705,0.0250,0.0842,0.1512,,14.1,22.8,
subamb,67,2,6,146,3,146.3,6706,0.0169,0.0557,0.1153,,9.4,20.2,
subamb,67,2,7,34,2,34.2,6707,0.0136,0.0545,0.1005,,10.4,19.1,
subamb,67,2,8,49,2,49.2,6708,0.0172,0.0455,0.0954,,11,18.7,
subamb,67,2,9,162,2,162.2,6709,0.0057,0.0247,0.0561,,11.2,16.5,
subamb,67,2,10,48,2,48.2,6710,0.0336,0.0975,0.1655,,11.2,21.2,
subamb,67,3,11,50,2,50.2,6711,0.0221,0.0489,0.1168,,10,18.3,
subamb,67,3,12,163,2,163.2,6712,0.1230,0.1917,0.1480,,5.5,25.6,
subamb,67,3,13,88,1,88.1,6713,0.0070,0.0240,0.0673,,7.1,13.2,
subamb,67,3,14,56,3,56.3,6714,0.0312,0.1110,0.1834,,10.5,23.3,
subamb,67,3,15,107,2,107.2,6715,0.4107,0.4792,0.0056,,22,,not flowering
subamb,67,4,16,143,3,143.3,6716,0.0110,0.0418,0.0613,,12.4,20.2,
subamb,67,4,17,59,3,59.3,6717,0.0548,0.1440,0.1428,,14.1,27.5,
subamb,67,4,18,102,2,102.2,6718,0.0645,0.1288,0.2019,,14.7,27.4,
subamb,67,4,19,176,1,176.1,6719,0.0264,0.0708,0.1391,,12.7,19.5,
subamb,67,4,20,122,3,122.3,6720,0.0290,0.0948,0.1120,,16.5,30.5,
subamb,68,1,1,154,3,154.3,6801,0.7874,,,corn,,,
subamb,68,1,2,114,2,114.2,6802,0.0225,0.0787,0.1284,,14.2,28.4,
subamb,68,1,3,60,2,60.2,6803,0.6711,,,corn,,,
subamb,68,1,4,49,3,49.3,6804,0.0042,0.0204,0.0369,,8.8,16.3,
subamb,68,1,5,12,3,12.3,6805,0.0023,0.0109,0.0339,,5.5,10.1,
subamb,68,2,6,117,3,117.3,6806,0.0047,0.0172,0.0632,,5.1,11,
subamb,68,2,7,145,1,145.1,6807,0.0049,0.0136,0.0383,,8.1,14.4,
subamb,68,2,8,33,2,33.2,6808,0.0078,0.0282,0.0653,,6.5,14,
subamb,68,2,9,116,2,116.2,6809,0.0089,0.0382,0.1085,,9.4,17.6,
subamb,68,2,10,57,3,57.3,6810,0.0484,0.1123,0.1173,,12.9,24.6,
subamb,68,3,11,92,3,92.3,6811,0.0055,0.0160,0.0444,,6.8,12.6,
subamb,68,3,12,19,2,19.2,6812,0.0065,0.0255,0.0545,,8.4,15.1,
subamb,68,3,13,152,1,152.1,6813,0.0153,0.0528,0.1271,,10.2,19.3,
subamb,68,3,14,112,2,112.2,6814,0.0172,0.0451,0.1003,,9.8,18.5,
subamb,68,3,15,115,2,115.2,6815,0.0131,0.0261,0.0661,,4.5,12,
subamb,68,4,16,57,2,57.2,6816,0.0098,0.0303,0.0569,,9.6,17,
subamb,68,4,17,65,1,65.1,6817,0.0057,0.0199,0.0574,,6.4,13.7,
subamb,68,4,18,174,3,174.3,6818,0.0078,0.0224,0.0816,,7,14.7,
subamb,68,4,19,2,2,2.2,6819,0.0060,0.0119,0.0386,,5.4,12.4,
subamb,68,4,20,11,1,11.1,6820,,,,,,,
subamb,69,1,1,81,3,81.3,6901,0.0086,0.0230,0.0395,,10.4,15.5,
subamb,69,1,2,26,3,26.3,6902,0.0331,0.1120,0.2152,,14.4,24.4,
subamb,69,1,3,99,3,99.3,6903,0.0048,0.0148,0.0367,,7.1,16.2,
subamb,69,1,4,128,1,128.1,6904,0.0415,0.1278,0.1852,,11.3,23.8,
subamb,69,1,5,121,2,121.2,6905,0.0156,0.0484,0.0837,,11.6,20.3,
subamb,69,2,6,49,1,49.1,6906,0.1078,0.1044,0.0480,,17.2,24,
subamb,69,2,7,136,2,136.2,6907,0.0080,0.0328,0.0766,,9.3,16.8,
subamb,69,2,8,4,3,4.3,6908,,,,,,,
subamb,69,2,9,8,3,8.3,6909,,,,,,,
subamb,69,2,10,7,1,7.1,6910,0.0033,0.0160,0.0408,,7.6,14.2,
subamb,69,3,11,91,1,91.1,6911,0.0079,0.0223,0.0439,,10.2,15.9,
subamb,69,3,12,48,1,48.1,6912,0.0129,0.0448,0.1224,,8.8,16.8,
subamb,69,3,13,91,3,91.3,6913,0.0307,0.0839,0.1589,,13.6,22.1,
subamb,69,3,14,162,3,162.3,6914,0.0082,0.0371,0.0635,,9.4,17.8,
subamb,69,3,15,113,1,113.1,6915,,,,,,,
subamb,69,4,16,82,1,82.1,6916,0.0033,0.0046,0.0172,,7.2,9.3,
subamb,69,4,17,50,3,50.3,6917,0.0105,0.0235,0.0703,,6.9,15.4,
subamb,69,4,18,68,1,68.1,6918,0.1185,0.2103,0.1589,,9.6,28.4,
subamb,69,4,19,88,2,88.2,6919,0.0043,0.0150,0.0502,,8.4,15.8,
subamb,69,4,20,6,2,6.2,6920,0.0237,0.0492,0.0738,,13.1,19.9,
subamb,69,4,21,147,1,147.1,6921,0.0284,0.0788,0.1069,,16.8,28,
